customerID,MonthlyCharges,churn_flag,churn_probability,annual_revenue_exposure,revenue_at_risk,risk_band
1069-XAIEM,85.05,1,0.8884348,1020.5999999999999,906.7365847706794,Critical
0295-PPHDO,95.45,1,0.87880355,1145.4,1006.5815875411034,Critical
6861-XWTWQ,99.25,1,0.86878306,1191.0,1034.720620572567,Critical
7180-PISOG,74.5,1,0.8665053,894.0,774.6557604074478,Critical
5178-LMXOP,95.1,1,0.86602044,1141.1999999999998,988.3025273323058,Critical
2609-IAICY,77.15,1,0.86480105,925.8000000000001,800.6328113794327,Critical
7181-BQYBV,102.45,1,0.85895324,1229.4,1055.9971102237703,Critical
9248-OJYKK,76.45,1,0.8584916,917.4000000000001,787.5801934361458,Critical
6857-VWJDT,95.65,1,0.8567599,1147.8000000000002,983.3890198946001,Critical
4927-WWOOZ,91.45,0,0.8527277,1097.4,935.7833902716637,Critical
3722-WPXTK,88.35,1,0.8519904,1060.1999999999998,903.2802239298819,Critical
3006-XIMLN,94.2,1,0.8509822,1130.4,961.9502666473389,Critical
5167-ZFFMM,90.85,1,0.8495977,1090.1999999999998,926.231404352188,Critical
0970-ETWGE,89.55,1,0.8488417,1074.6,912.165319597721,Critical
2202-CUYXZ,84.85,1,0.84750766,1018.1999999999999,862.9322949528694,Critical
6023-YEBUP,100.95,1,0.8460926,1211.4,1024.956553530693,Critical
1628-BIZYP,85.0,0,0.84365124,1020.0,860.5242598056793,Critical
8884-ADFVN,101.95,1,0.8424709,1223.4,1030.6788798809052,Critical
0655-RBDUG,98.05,1,0.8386914,1176.6,986.8043170094489,Critical
4415-IJZTP,74.5,1,0.8376601,894.0,748.8681063652039,Critical
8161-QYMTT,94.1,0,0.8359049,1129.1999999999998,943.9038088560103,Critical
4587-VVTOX,105.3,1,0.83351433,1263.6,1053.2287108898163,Critical
9057-SIHCH,96.6,1,0.8293182,1159.1999999999998,961.3456868648527,Critical
3422-LYEPQ,71.0,1,0.827622,852.0,705.1339409351349,Critical
0679-IDSTG,69.25,1,0.8275985,831.0,687.7343636155128,Critical
0235-KGSLC,85.55,1,0.82565534,1026.6,847.6177732229232,Critical
9507-EXLTT,79.35,1,0.8247925,952.1999999999999,785.3674226045608,Critical
1400-MMYXY,105.9,1,0.82408327,1270.8000000000002,1047.2450177907945,Critical
5542-TBBWB,69.9,0,0.82302296,838.8000000000001,690.3516602039338,Critical
3707-GNWHM,74.25,1,0.8228782,891.0,733.1844601035118,Critical
3519-ZKXGG,75.85,1,0.8216481,910.1999999999999,747.8641196250915,Critical
2514-GINMM,79.5,1,0.8212196,954.0,783.4435204267502,Critical
5196-SGOAK,75.7,1,0.82095134,908.4000000000001,745.7521996021271,Critical
2254-DLXRI,79.15,0,0.82063526,949.8000000000001,779.4393691420555,Critical
8821-XNHVZ,80.05,1,0.8195588,960.5999999999999,787.2681825757026,Critical
8622-ZLFKO,90.75,0,0.8189484,1089.0,891.8347946405411,Critical
8775-ERLNB,74.3,0,0.81588227,891.5999999999999,727.4406279802322,Critical
5052-PNLOS,105.35,1,0.81326944,1264.1999999999998,1028.1352214455603,Critical
5376-DEQCP,70.6,1,0.8120534,847.1999999999999,687.9716255664825,Critical
3716-BDVDB,69.1,1,0.81078476,829.1999999999999,672.3027206182479,Critical
7409-KIUTL,71.0,1,0.81045467,852.0,690.5073759555817,Critical
1820-TQVEV,69.55,1,0.804693,834.5999999999999,671.5967641353607,Critical
6630-UJZMY,83.25,0,0.80432695,999.0,803.5226245522499,Critical
2545-EBUPK,84.05,0,0.80199414,1008.5999999999999,808.8912945628166,Critical
1853-UDXBW,70.0,1,0.8013812,840.0,673.160183429718,Critical
1448-PWKYE,80.0,1,0.7998943,960.0,767.8985023498535,Critical
1143-NMNQJ,85.7,1,0.7996814,1028.4,822.3923775672913,Critical
6372-RFVNS,78.8,1,0.7974981,945.5999999999999,754.1142099380493,Critical
4750-ZRXIU,84.6,1,0.79728216,1015.1999999999999,809.4008481502533,Critical
2865-TCHJW,89.2,1,0.79696345,1070.4,853.0696804046631,Critical
6979-ZNSFF,87.05,1,0.7911697,1044.6,826.4558717608451,Critical
8083-YTZES,74.35,1,0.788203,892.1999999999999,703.2347175121307,Critical
6230-BSUXY,85.0,1,0.78782547,1020.0,803.5819745063782,Critical
1980-KXVPM,75.05,1,0.7873204,900.5999999999999,709.0607301235199,Critical
8593-WHYHV,85.3,1,0.78654087,1023.5999999999999,805.1032303333282,Critical
7249-WBIYX,85.6,1,0.7854491,1027.1999999999998,806.8133028030394,Critical
3244-DCJWY,70.25,1,0.78491443,843.0,661.6828678250313,Critical
2867-UIMSS,80.5,1,0.7831291,966.0,756.5027067661285,Critical
2754-SDJRD,100.15,0,0.77850884,1201.8000000000002,935.6119263052942,Critical
7817-BOQPW,75.55,1,0.7782919,906.5999999999999,705.5994193911552,Critical
9804-ICWBG,69.9,1,0.77629703,838.8000000000001,651.1579511404038,Critical
5186-SAMNZ,69.5,1,0.7721686,834.0,643.9885929822922,Critical
1731-TVIUK,93.5,1,0.7674115,1122.0,861.0356698036194,Critical
8380-PEFPE,71.65,1,0.7671005,859.8000000000001,659.5530210614205,Critical
9747-DDZOS,73.5,1,0.7634782,882.0,673.387789607048,Critical
8739-XNIKG,84.0,0,0.76065725,1008.0,766.7425088882446,Critical
6969-MVBAI,90.1,0,0.7606365,1081.1999999999998,822.400192952156,Critical
2027-FECZV,106.7,1,0.75889367,1280.4,971.6874533414841,Critical
7218-HKQFK,94.2,1,0.7583621,1130.4,857.2525341510774,Critical
2034-GDRCN,90.4,1,0.75805956,1084.8000000000002,822.3430120468141,Critical
8375-DKEBR,69.6,1,0.7557886,835.1999999999999,631.2346590042114,Critical
5419-CONWX,99.8,1,0.754736,1197.6,903.871841096878,Critical
0841-NULXI,35.55,1,0.7512651,426.59999999999997,320.48969532251357,Critical
6328-ZPBGN,95.15,1,0.74840486,1141.8000000000002,854.5286697149278,High
8443-ZRDBZ,76.05,1,0.7483158,912.5999999999999,682.9130092620849,High
1320-HTRDR,75.5,1,0.7470746,906.0,676.849591255188,High
4229-CZMLL,74.9,1,0.7440338,898.8000000000001,668.7375915527344,High
6910-HADCM,76.35,1,0.7433805,916.1999999999999,681.0852021574974,High
7209-JCUDS,94.9,1,0.7431698,1138.8000000000002,846.3217506408693,High
2077-MPJQO,75.4,0,0.7424999,904.8000000000001,671.8138986110688,High
9878-TNQGW,80.95,1,0.74152875,971.4000000000001,720.3210272312165,High
7005-CCBKV,84.4,1,0.741403,1012.8000000000001,750.8929418563844,High
8361-LTMKD,74.4,1,0.7392776,892.8000000000001,660.027042388916,High
8258-GSTJK,77.0,1,0.7372908,924.0,681.256698846817,High
9334-GWGOW,74.85,0,0.73395705,898.1999999999999,659.2402243137359,High
4713-LZDRV,79.6,1,0.7274736,955.1999999999999,694.882798576355,High
4090-KPJIP,74.95,0,0.7251023,899.4000000000001,652.1570134878159,High
3292-PBZEJ,111.4,0,0.72498083,1336.8000000000002,969.1543750762941,High
4445-ZJNMU,99.3,0,0.72491735,1191.6,863.811516880989,High
4115-NZRKS,89.15,0,0.7241244,1069.8000000000002,774.6682531714441,High
2845-HSJCY,87.25,1,0.7240228,1047.0,758.0518775582314,High
7363-QTBIW,79.75,0,0.72362334,957.0,692.507531940937,High
3585-ISXZP,95.65,1,0.72246534,1147.8000000000002,829.2457130312921,High
3677-IYRBF,30.4,1,0.72156066,364.79999999999995,263.2253276824951,High
7130-VTEWQ,75.75,1,0.72106403,909.0,655.4472042918205,High
0871-URUWO,102.25,1,0.7204999,1227.0,884.0533443689346,High
2485-ITVKB,35.1,1,0.7202067,421.20000000000005,303.35105273723605,High
8266-VBFQL,90.4,0,0.71868217,1084.8000000000002,779.6264179229738,High
8132-YPVBX,85.95,0,0.71838856,1031.4,740.9459581375123,High
7235-NXZCP,74.85,1,0.71700203,898.1999999999999,644.011227107048,High
4919-IKATY,84.5,1,0.7152568,1014.0,725.2704055309296,High
2959-MJHIC,80.35,1,0.7138265,964.1999999999999,688.2714896321296,High
9940-RHLFB,75.3,1,0.71282613,903.5999999999999,644.1096935749054,High
4806-KEXQR,79.9,1,0.7116381,958.8000000000001,682.3186035633088,High
9221-OTIVJ,104.85,1,0.71015537,1258.1999999999998,893.5174838304519,High
9741-YLNTD,87.95,0,0.70928085,1055.4,748.5750075101853,High
1024-GUALD,24.8,1,0.7080485,297.6,210.71524028778077,High
8245-UMPYT,96.4,1,0.7032748,1156.8000000000002,813.5482729911805,High
1522-VVDMG,89.75,1,0.7010151,1077.0,754.9932786226273,High
0876-WDUUZ,85.4,1,0.6963461,1024.8000000000002,713.6154875278474,High
5501-TVMGM,55.25,0,0.69604224,663.0,461.4760048985481,High
2919-HBCJO,76.65,1,0.6942506,919.8000000000001,638.5716868400574,High
0390-DCFDQ,70.45,1,0.6920379,845.4000000000001,585.048824107647,High
8873-GLDMH,73.85,0,0.6905578,886.1999999999999,611.9723027586937,High
8752-STIVR,79.0,1,0.6868678,948.0,651.1506493091583,High
9611-CTWIH,89.45,1,0.68283993,1073.4,732.9603809237481,High
8699-ASUFO,74.4,1,0.6792619,892.8000000000001,606.445044708252,High
3877-JRJIP,59.85,1,0.6783785,718.2,487.21145478487017,High
8397-MVTAZ,100.05,1,0.6775124,1200.6,813.4213962078094,High
2057-ZBLPD,86.5,1,0.6765661,1038.0,702.2756366729736,High
6856-RAURS,74.9,0,0.675671,898.8000000000001,607.2930780887605,High
7354-OIJLX,75.85,0,0.6726919,910.1999999999999,612.2841506838798,High
2985-FMWYF,93.5,0,0.67220455,1122.0,754.2135096788406,High
5159-YFPKQ,75.8,1,0.6717101,909.5999999999999,610.9874832630156,High
8541-QVFKM,73.5,0,0.67034954,882.0,591.2482928037643,High
3320-VEOYC,95.6,0,0.66999567,1147.1999999999998,768.6190275192259,High
7273-TEFQD,41.15,1,0.66967314,493.79999999999995,330.6845989108085,High
5382-SOYZL,95.1,0,0.6685439,1141.1999999999998,762.9422703981398,High
3721-CNEYS,70.95,1,0.66766906,851.4000000000001,568.4534358501435,High
3338-CVVEH,94.55,0,0.66739905,1134.6,757.2309607744216,High
5357-TZHPP,84.4,1,0.666501,1012.8000000000001,675.0321982383729,High
6608-QQLVK,50.5,1,0.6657524,606.0,403.44596099853516,High
2761-OCIAX,74.7,1,0.6644096,896.4000000000001,595.5767455816269,High
9643-AVVWI,80.0,0,0.6640681,960.0,637.5053787231445,High
3030-YDNRM,74.85,0,0.6635982,898.1999999999999,596.0438851118088,High
6821-BUXUX,96.65,1,0.6633044,1159.8000000000002,769.3004298090935,High
3199-XGZCY,75.25,0,0.66202515,903.0,597.8087137341499,High
9851-KIELU,110.1,1,0.66112775,1321.1999999999998,873.4819781541823,High
3063-QFSZL,55.4,1,0.6601652,664.8,438.877818775177,High
1751-NCDLI,98.85,0,0.6519983,1186.1999999999998,773.4003614902496,High
4735-ASGMA,98.35,1,0.6506318,1180.1999999999998,767.8756331205367,High
6077-BDPXA,70.15,0,0.6502078,841.8000000000001,547.3449408173561,High
3750-CKVKH,67.75,1,0.6490809,813.0,527.7027493715286,High
7861-UVUFT,84.3,1,0.6488788,1011.5999999999999,656.4058070182799,High
9685-WKZGT,74.95,1,0.6484306,899.4000000000001,583.1984689235688,High
1016-DJTSV,69.7,0,0.64458364,836.4000000000001,539.1297585725785,High
2439-LYPMQ,102.6,0,0.64373595,1231.1999999999998,792.5676957607268,High
2737-YNGYW,80.55,1,0.6433611,966.5999999999999,621.8728311538696,High
1768-ZAIFU,25.2,1,0.64278996,302.4,194.37968387603757,High
6543-XRMYR,99.7,1,0.6410956,1196.4,767.0067503213883,High
2386-LAHRK,53.5,1,0.6409278,642.0,411.47564220428467,High
4317-VTEOA,50.75,1,0.6407095,609.0,390.1920973062515,High
0258-NOKBL,90.4,0,0.64035887,1084.8000000000002,694.6612970352174,High
6892-XPFPU,104.25,1,0.6402244,1251.0,800.9207208752632,High
3334-CTHOL,49.95,1,0.63966745,599.4000000000001,383.4166703581811,High
0506-LVNGN,75.55,1,0.6384802,906.5999999999999,578.8461370468139,High
6000-APYLU,80.8,1,0.6375606,969.5999999999999,618.1787635803222,High
1867-BDVFH,74.35,1,0.6374246,892.1999999999999,568.7102175951004,High
5339-PXDVH,90.65,0,0.6363955,1087.8000000000002,692.2710401415826,High
0004-TLHLJ,73.9,1,0.63637936,886.8000000000001,564.3412174701691,High
5698-BQJOH,94.4,1,0.63629675,1132.8000000000002,720.796957397461,High
9717-QEBGU,70.3,0,0.6362702,843.5999999999999,536.7575618505477,High
6175-IRFIT,78.75,0,0.63567185,945.0,600.709902048111,High
9752-ZNQUT,48.6,0,0.63556635,583.2,370.66229753494264,High
4301-VVZKA,75.4,0,0.6325582,904.8000000000001,572.3386834144593,High
0616-ATFGB,25.05,1,0.63111514,300.6,189.71321064233783,High
4342-HENTK,70.65,1,0.63091826,847.8000000000001,534.8925045490265,High
7952-OBOYL,89.85,0,0.6305678,1078.1999999999998,679.8781901836394,High
4029-HPFVY,70.3,0,0.6299724,843.5999999999999,531.4447151899337,High
7029-RPUAV,100.45,1,0.62963814,1205.4,758.9658084511758,High
6338-AVWCY,40.15,1,0.62597257,481.79999999999995,301.59358373880383,High
9576-ANLXO,69.55,1,0.6247693,834.5999999999999,521.4324330925941,High
5133-POWUA,45.8,0,0.6234588,549.5999999999999,342.65295796394344,High
9638-JIQYA,24.9,0,0.6221421,298.79999999999995,185.89605245590207,High
0023-XUOPT,94.1,1,0.62086743,1129.1999999999998,701.0835032701491,High
6899-PPEEA,96.55,1,0.62036467,1158.6,718.7545020103454,High
7912-SYRQT,75.1,1,0.6197641,901.1999999999999,558.5313975334167,High
8280-MQRQN,50.45,1,0.61926186,605.4000000000001,374.9011305570603,High
8621-MNIHH,94.25,1,0.61895317,1131.0,700.0360334515572,High
4983-CCWMC,69.6,0,0.6146676,835.1999999999999,513.3703748703002,High
8739-WWKDU,89.5,1,0.6121909,1074.0,657.4930289983749,High
6507-ZJSUR,90.45,0,0.6112148,1085.4,663.4125619053841,High
3908-BLSYF,83.9,1,0.6111282,1006.8000000000001,615.283882856369,High
0376-YMCJC,90.6,1,0.61016357,1087.1999999999998,663.3698327064513,High
0576-WNXXC,95.55,1,0.6087784,1146.6,698.025333058834,High
8709-KRDVL,100.0,0,0.60750335,1200.0,729.0040254592896,High
7495-OOKFY,80.65,1,0.60709983,967.8000000000001,587.5512165427208,High
0988-JRWWP,54.2,0,0.60697865,650.4000000000001,394.7789171218873,High
8818-DOPVL,104.45,0,0.6068738,1253.4,760.6556338191033,High
1989-PRJHP,75.5,1,0.6065492,906.0,549.5335782766342,High
6376-GAHQE,77.85,1,0.6064501,934.1999999999999,566.5456655502319,High
2665-NPTGL,98.1,0,0.60554045,1177.1999999999998,712.8422229051589,High
7571-YXDAD,74.9,1,0.60460687,898.8000000000001,543.4206519126892,High
1475-VWVDO,74.9,0,0.6037044,898.8000000000001,542.6095083475113,High
5442-BHQNG,70.35,0,0.6036923,844.1999999999999,509.6370338916778,High
2025-JKFWI,99.0,1,0.6029069,1188.0,716.2533767223358,High
4283-FUTGF,79.85,1,0.60229325,958.1999999999999,577.1173949718475,High
9840-DVNDC,80.5,1,0.6019006,966.0,581.4359579086304,High
9227-LUNBG,24.6,1,0.59952873,295.20000000000005,176.98088107109072,High
2495-INZWQ,44.55,1,0.5985387,534.5999999999999,319.9787872910499,High
7198-GLXTC,79.0,1,0.59842664,948.0,567.3084547519684,High
3891-PUQOD,59.2,1,0.5971573,710.4000000000001,424.220545578003,High
4237-RLAQD,45.85,1,0.5971079,550.2,328.52875957489016,High
4706-AXVKM,84.8,1,0.5949126,1017.5999999999999,605.3830501556396,High
6047-YHPVI,69.7,1,0.5929047,836.4000000000001,495.90548014640814,High
4817-VYYWS,100.2,1,0.5928429,1202.4,712.8342751979828,High
6651-AZVTJ,99.8,1,0.59263635,1197.6,709.741288948059,High
2694-CIUMO,79.55,0,0.5903119,954.5999999999999,563.5117253065109,High
9692-TUSXH,96.05,1,0.5887966,1152.6,678.6469791412353,High
6377-WHAOX,106.15,0,0.5886056,1273.8000000000002,749.7657912611962,High
2754-XBHTB,77.65,1,0.58807117,931.8000000000001,547.9647138476372,High
3627-FHKBK,75.3,1,0.5870774,903.5999999999999,530.4831198692322,High
0432-CAJZV,90.7,0,0.5860039,1088.4,637.8066442966461,High
6705-LXORM,70.05,0,0.58532155,840.5999999999999,492.02129123210904,High
8714-EUHJO,91.15,1,0.584896,1093.8000000000002,639.7592754721643,High
0330-IVZHA,69.95,1,0.5846948,839.4000000000001,490.7928174376488,High
7881-EVUAD,42.6,1,0.5844901,511.20000000000005,298.7913495540619,High
8393-DLHGA,95.9,1,0.58372754,1150.8000000000002,671.7536514043809,High
0899-LIIBW,100.85,0,0.5830408,1210.1999999999998,705.5959445357322,High
5760-FXFVO,78.95,0,0.58192945,947.4000000000001,551.3199564456941,High
2041-JIJCI,64.0,0,0.58167857,768.0,446.72914123535156,High
6048-QBXKL,56.55,0,0.58089834,678.5999999999999,394.1976165890693,High
1112-CUNAO,89.85,1,0.5807512,1078.1999999999998,626.1659229755401,High
4658-HCOHW,102.8,1,0.58053714,1233.6,716.1506163597106,High
6680-WKXRZ,74.4,1,0.57788813,892.8000000000001,515.9385234832764,High
6158-HDPXZ,25.35,0,0.5766256,304.20000000000005,175.40950312614444,High
0524-IAVZO,85.0,1,0.5765304,1020.0,588.0610048770905,High
5628-FCGYG,84.1,0,0.5758993,1009.1999999999999,581.197576546669,High
6319-IEJWJ,90.2,1,0.57548934,1082.4,622.9096640110016,High
0388-EOPEX,74.4,1,0.571778,892.8000000000001,510.48339786529544,High
2325-NBPZG,74.55,0,0.5707104,894.5999999999999,510.5575422763824,High
4678-DVQEO,52.2,1,0.570336,626.4000000000001,357.25846052169805,High
7534-BFESC,76.1,1,0.5700212,913.1999999999999,520.5433708906173,High
0685-MLYYM,70.75,1,0.5693062,849.0,483.34095937013626,High
5129-JLPIS,105.5,0,0.5681163,1266.0,719.2352449893951,High
8676-TRMJS,75.0,1,0.56725216,900.0,510.5269432067871,High
7587-RZNME,43.3,1,0.567142,519.5999999999999,294.68698825836174,High
4154-AQUGT,89.05,1,0.5665885,1068.6,605.4564935445785,High
7278-CKDNC,80.5,0,0.5647586,966.0,545.5568064451218,High
1658-TJVOA,74.1,0,0.56443596,889.1999999999999,501.8964546203613,High
5228-EXCET,80.85,1,0.56183296,970.1999999999999,545.090342080593,High
9283-LZQOH,74.4,1,0.5611078,892.8000000000001,500.95705661773684,High
4512-ZUIYL,70.0,1,0.56108683,840.0,471.312940120697,High
7663-RGWBC,44.15,1,0.5584339,529.8,295.858275103569,High
6166-ILMNY,69.75,1,0.5575374,837.0,466.6587844491005,High
1942-OQFRW,44.0,0,0.55663645,528.0,293.9040470123291,High
0923-PNFUB,83.75,1,0.55466497,1005.0,557.4382942914963,High
1536-HBSWP,49.9,0,0.5529514,598.8,331.10729563236237,High
0581-BXBUB,72.75,0,0.55141455,873.0,481.38490158319473,High
0958-YHXGP,69.9,0,0.55059266,838.8000000000001,461.83712396621706,High
7851-FLGGQ,44.65,1,0.5502464,535.8,294.8220305085182,High
0952-KMEEH,98.15,1,0.5489519,1177.8000000000002,646.5555759072305,High
5692-FPTAH,45.4,1,0.54851675,544.8,298.83192558288573,High
3312-UUMZW,98.85,0,0.54810774,1186.1999999999998,650.1654050588606,High
4873-ILOLJ,90.35,1,0.5471998,1084.1999999999998,593.274007666111,High
4706-DGAHW,45.2,0,0.544994,542.4000000000001,295.60474376678474,High
8212-DJRCH,90.35,0,0.5444892,1084.1999999999998,590.3351959347724,High
9465-RWMXL,78.9,1,0.54394054,946.8000000000001,515.0029071807862,High
3672-YITQD,84.1,1,0.5437273,1009.1999999999999,548.7295696735382,High
2187-PKZAY,79.95,0,0.5423406,959.4000000000001,520.3215492367744,High
4631-OACRM,79.4,1,0.5423099,952.8000000000001,516.7128539085388,High
4647-MUZON,95.95,0,0.5415838,1151.4,623.5795602321625,High
7460-ITWWP,86.1,0,0.5410037,1033.1999999999998,558.9650270462035,High
3717-OEAUQ,70.7,0,0.5392713,848.4000000000001,457.51776673793796,High
6034-YMTOB,75.65,0,0.5381913,907.8000000000001,488.57007894515993,High
6543-CPZMK,29.95,1,0.5373414,359.4,193.12050486803054,High
8080-DDEMJ,45.1,1,0.53640974,541.2,290.3049489498139,High
0682-USIXD,86.05,0,0.53636193,1032.6,553.8473317623138,High
4329-YPDDQ,108.2,0,0.53625035,1298.4,696.267458152771,High
3966-HRMZA,75.05,0,0.5344697,900.5999999999999,481.3434331655502,High
5144-TVGLP,94.75,0,0.5341027,1137.0,607.2747452259064,High
1833-TCXKK,107.75,0,0.53206307,1293.0,687.9575455784798,High
9907-SWKKF,25.05,1,0.53154916,300.6,159.78367620706558,High
9508-ILZDG,96.35,0,0.53140247,1156.1999999999998,614.40753428936,High
4686-UXDML,99.85,0,0.5310089,1198.1999999999998,636.2548630356788,High
3312-ZWLGF,79.3,0,0.5302661,951.5999999999999,504.6012265920639,High
1035-IPQPU,103.5,0,0.52941734,1242.0,657.5363312959671,High
6712-OAWRH,91.25,1,0.5285838,1095.0,578.7992879748344,High
5331-RGMTT,99.05,0,0.52535635,1188.6,624.4385603785514,High
5650-YLIBA,81.15,0,0.5224064,973.8000000000001,508.7193515896798,High
2482-CZGBB,70.0,1,0.52233624,840.0,438.7624454498291,High
3858-VOBET,74.95,1,0.52159137,899.4000000000001,469.11927398443225,High
8778-LMWTJ,74.85,0,0.5214645,898.1999999999999,468.37943783998486,High
3197-ARFOY,105.0,0,0.52075475,1260.0,656.1509907245636,High
1471-GIQKQ,49.95,0,0.51983887,599.4000000000001,311.5914184212685,High
8938-UMKPI,106.4,1,0.5174399,1276.8000000000002,660.6672666549683,High
8849-AYPTR,91.25,0,0.5174291,1095.0,566.5848791599274,High
7056-IMHCC,101.9,1,0.5165798,1222.8000000000002,631.6737877607346,High
1319-YLZJG,84.6,0,0.51490194,1015.1999999999999,522.728445482254,High
6304-IJFSQ,49.9,1,0.51485115,598.8,308.2928703546524,High
9279-CJEOJ,95.4,0,0.51382244,1144.8000000000002,588.2239251136781,High
2800-QQUSO,100.3,0,0.51367193,1203.6,618.2555404901505,High
1092-GANHU,76.65,1,0.51295465,919.8000000000001,471.81568919420243,High
8650-RHRKE,29.65,1,0.51255137,355.79999999999995,182.3657764792442,High
3365-SAIGS,83.55,0,0.51192534,1002.5999999999999,513.2563455820083,High
7054-LGEQW,45.95,1,0.50986665,551.4000000000001,281.14047349691396,High
5207-PLSTK,48.75,0,0.50983924,585.0,298.2559534907341,High
5226-NOZFC,85.75,0,0.5091289,1029.0,523.89366710186,High
9992-UJOEL,50.3,0,0.507563,603.5999999999999,306.3650237560272,High
0581-MDMPW,88.95,0,0.5073699,1067.4,541.5666055440903,High
5889-JTMUL,95.05,1,0.5069434,1140.6,578.2196473717689,High
0256-LTHVJ,81.05,1,0.50641567,972.5999999999999,492.5398759245872,High
0310-MVLET,99.15,1,0.50598377,1189.8000000000002,602.0194894194603,High
1236-WFCDV,90.45,1,0.5059539,1085.4,549.1623717069626,High
8696-JKZNU,76.25,1,0.50487393,915.0,461.95964723825455,High
6402-EJMWF,55.3,0,0.5039612,663.5999999999999,334.4286559581756,High
6661-HBGWL,104.75,1,0.50259066,1257.0,631.7564549446106,High
7181-OQCUT,103.85,0,0.5003233,1246.1999999999998,623.5028909683226,High
5461-QKNTN,94.3,0,0.5002918,1131.6,566.1302284240722,High
6845-RGTYS,98.75,1,0.49991465,1185.0,592.3988556861877,Medium
9572-WUKSB,29.9,0,0.4981593,358.79999999999995,178.73955302238463,Medium
5759-RCVCB,35.2,1,0.4960119,422.40000000000003,209.51543197631838,Medium
2604-IJPDU,96.55,0,0.4956898,1158.6,574.306213080883,Medium
8785-CJSHH,99.8,0,0.49348027,1197.6,590.9919655323029,Medium
7410-YTJIK,75.45,1,0.49314445,905.4000000000001,446.49298735857013,Medium
3374-LXDEV,89.4,1,0.4930797,1072.8000000000002,528.9758937120439,Medium
5828-AVIPD,100.95,1,0.4928846,1211.4,597.0804118573666,Medium
9866-QEVEE,86.0,1,0.4928253,1032.0,508.5957090854645,Medium
5480-HPRRX,25.3,1,0.4893403,303.6,148.56371669769288,Medium
1902-XBTFB,89.4,1,0.4882015,1072.8000000000002,523.7425681114198,Medium
2860-RANUS,85.8,1,0.48764846,1029.6,502.0828516244888,Medium
6317-YPKDH,29.95,1,0.48764002,359.4,175.25782434940336,Medium
2672-OJQZP,44.75,0,0.4868845,537.0,261.4569789469242,Medium
6234-PFPXL,95.9,0,0.48539984,1150.8000000000002,558.5981384754182,Medium
0979-PHULV,99.45,1,0.48473895,1193.4,578.4874581098557,Medium
5606-AMZBO,78.15,0,0.48429862,937.8000000000001,454.1752426922322,Medium
6257-RJOHI,50.8,0,0.48245254,609.5999999999999,294.1030693531036,Medium
9050-QLROH,90.7,1,0.48194125,1088.4,524.5448597073555,Medium
2587-EKXTS,111.5,0,0.4799725,1338.0,642.2032204270363,Medium
5373-SFODM,85.25,1,0.47845206,1023.0,489.456453949213,Medium
1895-QTKDO,43.95,0,0.47731507,527.4000000000001,251.73596699237828,Medium
0082-OQIQY,94.2,0,0.47679004,1130.4,538.9634620428086,Medium
1302-UHBDD,89.95,0,0.47678432,1079.4,514.6409935891629,Medium
5016-IBERQ,84.25,0,0.47666842,1011.0,481.9117700457573,Medium
9944-AEXBM,85.65,0,0.47627085,1027.8000000000002,489.5111842274667,Medium
9278-VZKCD,109.1,0,0.47618195,1309.1999999999998,623.4174143671988,Medium
5281-BUZGT,90.85,1,0.47501075,1090.1999999999998,517.8567225694655,Medium
1587-FKLZB,99.5,1,0.47488952,1194.0,567.0180830955505,Medium
3569-EDBPQ,84.35,0,0.4738985,1012.1999999999999,479.6800619065761,Medium
9927-DSWDF,104.6,0,0.4733295,1255.1999999999998,594.1232063055038,Medium
1335-NTIUC,24.95,0,0.4726512,299.4,141.51177329421043,Medium
7855-DIWPO,68.65,0,0.4716576,823.8000000000001,388.55153415799145,Medium
2955-BJZHG,80.85,1,0.4707223,970.1999999999999,456.69476371407507,Medium
2203-GHNWN,79.65,0,0.47068286,955.8000000000001,449.8786770343781,Medium
7503-QQRVF,74.3,1,0.46851587,891.5999999999999,417.72875232696526,Medium
4208-UFFGW,44.95,1,0.46592808,539.4000000000001,251.3216051101685,Medium
4223-WOZCM,49.95,0,0.46341383,599.4000000000001,277.77025244235995,Medium
1541-ETJZO,62.05,1,0.46323287,744.5999999999999,344.92319862842555,Medium
7404-JLKQG,57.55,0,0.46304023,690.5999999999999,319.7755846738815,Medium
0322-CHQRU,45.35,1,0.4619044,544.2,251.36837804317477,Medium
5213-TWWJU,91.0,0,0.4618417,1092.0,504.331139087677,Medium
4818-QIUFN,79.15,1,0.46134517,949.8000000000001,438.1856386363507,Medium
8914-RBTSB,93.8,1,0.46076488,1125.6,518.636954498291,Medium
9512-UIBFX,95.15,1,0.46015555,1141.8000000000002,525.4056031823159,Medium
8445-DNBAE,50.05,0,0.4597675,600.5999999999999,276.1363548696041,Medium
6284-AHOOQ,90.5,1,0.45912448,1086.0,498.6091806292534,Medium
0749-IRGQE,45.3,0,0.45906556,543.5999999999999,249.54803652763363,Medium
9369-XFEHK,80.6,1,0.4567268,967.1999999999999,441.7461507797241,Medium
1077-HUUJM,71.05,0,0.45476857,852.5999999999999,387.73568131327625,Medium
6711-VTNRE,87.55,1,0.45461458,1050.6,477.61807740926736,Medium
3658-KIBGF,54.9,1,0.45459023,658.8,299.4840443015098,Medium
3540-RZJYU,86.2,1,0.45419908,1034.4,469.8235239028931,Medium
4760-THGOT,94.1,0,0.453726,1129.1999999999998,512.3473920106887,Medium
1346-UFHAX,80.0,0,0.45174566,960.0,433.6758327484131,Medium
7579-OOPEC,50.15,1,0.4512135,601.8,271.54028962254523,Medium
5419-KLXBN,89.15,1,0.4510293,1069.8000000000002,482.5111458778382,Medium
7529-ZDFXI,89.85,0,0.44865882,1078.1999999999998,483.74394400119775,Medium
2277-VWCNI,48.75,0,0.44824335,585.0,262.2223596274853,Medium
9167-APMXZ,84.15,0,0.44823328,1009.8000000000001,452.62596271634106,Medium
6834-NXDCA,23.9,1,0.44796765,286.79999999999995,128.47712159156796,Medium
5609-IMCGG,84.35,0,0.44719365,1012.1999999999999,452.6494149506092,Medium
4547-LYTDD,72.65,1,0.4468585,871.8000000000001,389.57123635411267,Medium
7470-MCQTK,48.75,1,0.446485,585.0,261.19373247027397,Medium
2452-KDRRH,101.4,0,0.44578835,1216.8000000000002,542.4352687597276,Medium
9048-JVYVF,69.35,1,0.44530582,832.1999999999999,370.5835069656372,Medium
8993-PHFWD,25.25,1,0.44397944,303.0,134.5257709622383,Medium
0430-IHCDJ,49.0,0,0.4425092,588.0,260.1954120397568,Medium
4248-QPAVC,85.35,1,0.4423281,1024.1999999999998,453.0324353456496,Medium
1816-FLZDK,29.15,0,0.44202405,349.79999999999995,154.62001343965528,Medium
1965-DDBWU,89.05,1,0.44084182,1068.6,471.08357293009755,Medium
8757-TFHHJ,49.8,0,0.4401237,597.5999999999999,263.01792733669276,Medium
0963-ZBDRN,96.2,1,0.43981522,1154.4,507.722693681717,Medium
2692-PFYTJ,25.75,0,0.43663523,309.0,134.92028483748436,Medium
2070-FNEXE,76.45,1,0.43636686,917.4000000000001,400.3229537844658,Medium
2277-DJJDL,99.0,0,0.43597868,1188.0,517.9426728487015,Medium
2501-XWWTZ,70.2,0,0.43586865,842.4000000000001,367.1757513284684,Medium
2960-NKRSO,85.95,0,0.43538988,1031.4,449.06111848354345,Medium
6770-XUAGN,21.0,1,0.43443236,252.0,109.47695410251617,Medium
4360-PNRQB,75.6,0,0.43426892,907.1999999999999,393.9687656879425,Medium
0599-XNYDO,69.8,0,0.4337993,837.5999999999999,363.35029084682463,Medium
9286-DOJGF,74.95,1,0.43330804,899.4000000000001,389.71724680066114,Medium
6022-UGGSO,74.4,1,0.43249655,892.8000000000001,386.13291778564457,Medium
9420-LOJKX,99.1,1,0.43182507,1189.1999999999998,513.5263751149176,Medium
0531-ZZJWQ,74.0,0,0.43137136,888.0,383.05776858329773,Medium
8601-QACRS,50.6,1,0.43101597,607.2,261.7128959655762,Medium
6557-BZXLQ,69.65,0,0.42912108,835.8000000000001,358.65939620733263,Medium
7250-EQKIY,50.45,1,0.42751005,605.4000000000001,258.8145860373974,Medium
1240-KNSEZ,20.1,1,0.42726195,241.20000000000002,103.05558199882508,Medium
0096-BXERS,50.35,0,0.4267014,604.2,257.8129838883877,Medium
0365-GXEZS,78.2,0,0.42640382,938.4000000000001,400.13734517097475,Medium
1894-IGFSG,89.25,1,0.4264025,1071.0,456.67708736658096,Medium
8160-HOWOX,66.85,0,0.42593312,802.1999999999999,341.6835509777069,Medium
7055-HNEOJ,55.8,0,0.42394584,669.5999999999999,283.87413725852963,Medium
3466-RITXD,92.4,0,0.4233354,1108.8000000000002,469.3942950725556,Medium
9732-KPKBW,53.95,1,0.42310062,647.4000000000001,273.9153417170048,Medium
4581-LNWUM,49.15,0,0.4227857,589.8,249.35900548696517,Medium
8033-VCZGH,103.95,0,0.42204577,1247.4,526.459890139103,Medium
6704-UTUKK,45.9,0,0.42038262,550.8,231.54674649238584,Medium
6128-AQBMT,53.95,0,0.4195222,647.4000000000001,271.5986697256565,Medium
6481-ESCNL,100.55,0,0.41872483,1206.6,505.2333858132362,Medium
6542-LWGXJ,25.0,0,0.41716886,300.0,125.15065670013428,Medium
9819-FBNSV,72.25,0,0.4147651,867.0,359.60133281350136,Medium
5351-QESIO,24.2,0,0.41329178,290.4,120.0199335336685,Medium
6646-QVXLR,103.75,1,0.41209024,1245.0,513.0523511767387,Medium
6710-HSJRD,114.1,0,0.41194567,1369.1999999999998,564.0360125184059,Medium
0410-IPFTY,83.85,0,0.4097182,1006.1999999999999,412.2584384143352,Medium
9450-TRJUU,83.15,0,0.4072688,997.8000000000001,406.3728010475636,Medium
1100-DDVRV,49.8,0,0.40455818,597.5999999999999,241.7639694213867,Medium
1310-QRITU,50.3,0,0.4033666,603.5999999999999,243.47207704782483,Medium
2101-RANCD,73.1,0,0.4008043,877.1999999999999,351.58554164171215,Medium
9710-ZUSHQ,106.75,1,0.3995494,1281.0,511.822774797678,Medium
0363-QJVFX,108.15,1,0.39941037,1297.8000000000002,518.3547743082047,Medium
8805-JNRAZ,49.2,0,0.39816672,590.4000000000001,235.07762918472292,Medium
7129-ACFOG,53.8,0,0.39698088,645.5999999999999,256.290857219696,Medium
8058-DMYRU,90.05,0,0.39592713,1080.6,427.83885794878,Medium
8988-ECPJR,79.6,1,0.39587855,955.1999999999999,378.1431941986084,Medium
8158-WPEZG,35.65,0,0.39576882,427.79999999999995,169.30990172624587,Medium
4840-ORQXB,104.75,0,0.39564353,1257.0,497.32392007112503,Medium
2971-SGAFL,78.75,0,0.39531216,945.0,373.5699914395809,Medium
6769-DYBQN,85.0,1,0.39514047,1020.0,403.04327845573425,Medium
4690-LLKUA,45.05,1,0.39448062,540.5999999999999,213.25622093081472,Medium
0730-KOAVE,94.3,0,0.39335716,1131.6,445.1229596614837,Medium
7279-BUYWN,113.2,1,0.39247042,1358.4,533.1318177223206,Medium
7277-OZCGZ,89.05,0,0.3915463,1068.6,418.4063857913017,Medium
3094-JOJAI,74.15,0,0.3913715,889.8000000000001,348.24235053062444,Medium
2293-IJWPS,100.75,0,0.3900558,1209.0,471.57746878266335,Medium
3604-WLABM,54.25,0,0.3899712,651.0,253.87124902009964,Medium
1493-AMTIE,20.2,1,0.3886395,242.39999999999998,94.2062171459198,Medium
2279-AXJJK,95.65,0,0.38842493,1147.8000000000002,445.8341380476952,Medium
2369-FEVNO,19.9,0,0.38790414,238.79999999999998,92.63150800466536,Medium
1169-WCVAK,88.8,0,0.38781828,1065.6,413.25915584564206,Medium
3331-HQDTW,109.8,1,0.38764507,1317.6,510.761138677597,Medium
8903-XEBGX,55.3,0,0.3873407,663.5999999999999,257.03928498029705,Medium
3923-CSIHK,71.05,1,0.38685018,852.5999999999999,329.82846196889875,Medium
6729-GDNGC,80.7,0,0.38613796,968.4000000000001,373.9360027313233,Medium
4526-ZJJTM,88.4,0,0.38560483,1060.8000000000002,409.049602174759,Medium
9576-SYUHJ,91.15,0,0.38494855,1093.8000000000002,421.05672580003744,Medium
3932-CMDTD,105.65,1,0.38448262,1267.8000000000002,487.44706835746774,Medium
9822-WMWVG,106.5,0,0.3844175,1278.0,491.28557020425797,Medium
4829-AUOAX,96.05,1,0.38258222,1152.6,440.9642638385296,Medium
1622-HSHSF,19.55,0,0.3804882,234.60000000000002,89.26252868771554,Medium
4983-CLMLV,102.7,0,0.38001814,1232.4,468.33436170816424,Medium
2478-EEWWM,44.3,0,0.37997606,531.5999999999999,201.99527560472484,Medium
6173-GOLSU,94.65,0,0.37975997,1135.8000000000002,431.3313708901406,Medium
2227-JRSJX,99.15,0,0.37965515,1189.8000000000002,451.71370051503186,Medium
8450-JOVAH,56.7,1,0.37832952,680.4000000000001,257.41540231704715,Medium
4993-JCRGJ,84.3,0,0.37645024,1011.5999999999999,380.81706340312957,Medium
4667-OHGKG,19.3,1,0.37522545,231.60000000000002,86.90221527814866,Medium
2770-NSVDG,29.1,0,0.37399933,349.20000000000005,130.600565135479,Medium
3587-PMCOY,98.9,0,0.37266624,1186.8000000000002,442.2802933216096,Medium
7893-IXHRQ,20.55,1,0.37247202,246.60000000000002,91.85159963965417,Medium
7504-UWHNB,69.75,0,0.37184706,837.0,311.2359919846058,Medium
9112-WSNPU,70.55,0,0.3712418,846.5999999999999,314.2933145999908,Medium
7853-WNZSY,19.75,0,0.36991403,237.0,87.66962394118309,Medium
6331-LWDTQ,72.15,1,0.36406595,865.8000000000001,315.20829530954364,Medium
0778-NELLA,34.7,1,0.3637463,416.40000000000003,151.46395325660706,Medium
5301-GAUUY,80.35,1,0.36193967,964.1999999999999,348.98222851753235,Medium
1550-LOAHA,84.15,1,0.3616274,1009.8000000000001,365.17134844064714,Medium
8840-DQLGN,100.5,1,0.36091956,1206.0,435.2689953446388,Medium
4067-HLYQI,70.4,0,0.35921916,844.8000000000001,303.4683494567871,Medium
2108-YKQTY,50.7,1,0.3588273,608.4000000000001,218.31052501201634,Medium
5103-MHMHY,45.95,1,0.3569067,551.4000000000001,196.7983610272408,Medium
6137-NICCO,94.05,0,0.35630074,1128.6,402.1210167825222,Medium
8728-SKJLR,74.25,0,0.35580045,891.0,317.01820081472397,Medium
3207-OYBWH,95.25,1,0.3556375,1143.0,406.4936519265175,Medium
0422-UXFAP,98.85,0,0.35560215,1186.1999999999998,421.81526463031764,Medium
9122-UMROB,20.3,0,0.35480303,243.60000000000002,86.4300170660019,Medium
9629-NHXFW,19.4,0,0.35428184,232.79999999999998,82.4768129825592,Medium
6815-ABQFQ,107.25,0,0.3539279,1287.0,455.50522059202194,Medium
2606-RMDHZ,30.5,1,0.3533444,366.0,129.32405430078506,Medium
3679-XASPY,19.45,0,0.35123992,233.39999999999998,81.97939724922179,Medium
2522-AHJXR,109.45,0,0.3510541,1313.4,461.07445780634885,Medium
5630-AHZIL,64.5,0,0.34990406,774.0,270.8257427215576,Medium
4570-QHXHL,43.75,0,0.348906,525.0,183.1756554543972,Medium
4226-KKDON,66.65,0,0.34613872,799.8000000000001,276.8417448520661,Medium
2178-PMGCJ,69.7,0,0.34612086,836.4000000000001,289.49549077749253,Medium
2480-SQIOB,44.8,0,0.34550413,537.5999999999999,185.74302291870114,Medium
2955-PSXOE,20.2,1,0.34511045,242.39999999999998,83.65477216243742,Medium
9767-FFLEM,69.5,0,0.34472522,834.0,287.5008346438408,Medium
6654-QGBZZ,19.9,0,0.3445291,238.79999999999998,82.27354724407195,Medium
2668-TZSPS,20.45,0,0.34392458,245.39999999999998,84.39909242391586,Medium
0823-HSCDJ,49.15,1,0.34388697,589.8,202.82453577518461,Medium
9812-GHVRI,83.85,0,0.34245613,1006.1999999999999,344.5793601930141,Medium
4695-VADHF,57.45,1,0.34010813,689.4000000000001,234.47054234147075,Medium
1436-ZMJAN,67.8,0,0.33988544,813.5999999999999,276.53079679012296,Medium
7733-UDMTP,55.0,0,0.3393509,660.0,223.9715999364853,Medium
9381-NDKME,40.65,1,0.33613038,487.79999999999995,163.96439967155456,Medium
7251-LJBQN,103.75,0,0.3360937,1245.0,418.4366489946842,Medium
5402-HTOTQ,55.3,0,0.3359732,663.5999999999999,222.95181763172147,Medium
1963-VAUKV,20.4,1,0.3357967,244.79999999999998,82.20303554534911,Medium
9962-BFPDU,20.05,0,0.33513346,240.60000000000002,80.63311123251916,Medium
5380-WJKOV,106.35,1,0.33414233,1276.1999999999998,426.4324381113052,Medium
4892-VLANZ,19.8,1,0.33353117,237.60000000000002,79.2470062494278,Medium
5600-PDUJF,49.5,0,0.33295774,594.0,197.77690029144287,Medium
5949-HGVJL,73.05,0,0.3321007,876.5999999999999,291.1194643378257,Medium
1357-BIJKI,98.25,0,0.3312758,1179.0,390.5741575062275,Medium
3018-TFTSU,81.7,1,0.32968625,980.4000000000001,323.22440367937094,Medium
0742-MOABM,50.05,1,0.3294246,600.5999999999999,197.85240867733953,Medium
2190-BCXEC,78.85,0,0.32811257,946.1999999999999,310.46011603474614,Medium
2139-FQHLM,89.95,0,0.32807058,1079.4,354.1193850874901,Medium
1452-KIOVK,89.1,0,0.32522425,1069.1999999999998,347.72976869344706,Medium
7398-LXGYX,84.8,0,0.3244267,1017.5999999999999,330.13662071228026,Medium
7067-KSAZT,106.25,1,0.3236028,1275.0,412.59356439113617,Medium
8620-RJPZN,20.7,0,0.3232243,248.39999999999998,80.28891763687133,Medium
1465-LNTLJ,64.4,0,0.32277912,772.8000000000001,249.4437031745911,Medium
3325-FUYCG,106.1,1,0.32155696,1273.1999999999998,409.4063158392906,Medium
6825-UYPFK,75.6,1,0.32088205,907.1999999999999,291.1041977405548,Medium
9979-RGMZT,94.05,0,0.3204441,1128.6,361.6532192230224,Medium
6664-FPDAC,111.95,1,0.32026258,1343.4,430.24075146317483,Medium
8992-CEUEN,18.85,0,0.31996813,226.20000000000002,72.37679194808007,Medium
4211-MMAZN,20.25,1,0.319868,243.0,77.72792360186577,Medium
6733-LRIZX,108.95,0,0.31968385,1307.4,417.9546652436257,Medium
0668-OGMHD,28.5,0,0.31946233,342.0,109.2561165690422,Medium
1194-SPVSP,19.65,0,0.31941563,235.79999999999998,75.31820529699326,Medium
5766-ZJYBB,19.4,1,0.31916916,232.79999999999998,74.30258131027222,Medium
5136-GFPMB,89.4,0,0.3176625,1072.8000000000002,340.7883378267289,Medium
9537-VHDTA,51.2,0,0.3176132,614.4000000000001,195.14155883789064,Medium
7018-WBJNK,78.3,0,0.31563333,939.5999999999999,296.56907383203503,Medium
2782-LFZVW,58.95,0,0.3152284,707.4000000000001,222.99257200956347,Medium
4640-UHDOS,55.95,1,0.31517956,671.4000000000001,211.61155430674555,Medium
4753-PADAS,105.7,0,0.31505832,1268.4,399.61997405290606,Medium
2257-BOVXD,66.6,0,0.31496486,799.1999999999999,251.7199166536331,Medium
7876-BEUTG,48.8,0,0.31445104,585.5999999999999,184.14252834320067,Medium
2309-OSFEU,33.9,1,0.31413126,406.79999999999995,127.788596534729,Medium
3976-NLDEZ,20.6,0,0.31403062,247.20000000000002,77.62836863994599,Medium
6286-SUUWT,19.95,0,0.31366345,239.39999999999998,75.09103061556816,Medium
1205-WNWPJ,59.5,1,0.31363493,714.0,223.9353414773941,Medium
9374-YOLBJ,19.25,0,0.31285313,231.0,72.26907250285149,Medium
2386-OWURY,95.3,0,0.31018624,1143.6,354.728980743885,Medium
5575-TPIZQ,89.15,0,0.309936,1069.8000000000002,331.5695188879967,Medium
2700-LUEVA,20.75,0,0.30956954,249.0,77.08281487226486,Medium
4013-GUXND,20.8,0,0.30914116,249.60000000000002,77.16163330078126,Medium
6227-HWPWX,69.0,1,0.3085039,828.0,255.4412258863449,Medium
2924-KHUVI,100.55,0,0.30523038,1206.6,368.29097542762753,Medium
9661-MHUMO,49.25,1,0.3031697,591.0,179.17329123616219,Medium
5482-NUPNA,60.4,1,0.3030646,724.8,219.6612326145172,Medium
0015-UOCOJ,48.2,0,0.30264878,578.4000000000001,175.05205593109133,Medium
2669-QVCRG,81.3,0,0.30232474,975.5999999999999,294.94801837205887,Medium
3594-KADLU,35.1,0,0.30183142,421.20000000000005,127.13139588832857,Medium
1217-VASWC,100.55,0,0.30125037,1206.6,363.4886944591999,Medium
3680-CTHUH,116.6,0,0.30036995,1399.1999999999998,420.27763144969936,Medium
3780-YVMFA,68.55,0,0.30011323,822.5999999999999,246.87314377427097,Medium
3982-XWFZQ,50.25,1,0.29962435,603.0,180.67348524928093,Medium
2432-TFSMK,89.6,0,0.2993694,1075.1999999999998,321.8819732666015,Medium
1575-KRZZE,55.2,0,0.29898345,662.4000000000001,198.0466403961182,Medium
2988-PLAHS,69.95,0,0.2971342,839.4000000000001,249.41443975567822,Medium
5949-EBSQK,61.45,1,0.29604265,737.4000000000001,218.30185080170634,Medium
3090-QFUVD,20.3,0,0.29376963,243.60000000000002,71.56228133440018,Medium
7410-KTVFV,49.55,1,0.293482,594.5999999999999,174.50440052747723,Medium
5438-QMDDL,59.8,0,0.29314148,717.5999999999999,210.35832910537718,Medium
9842-EFSYY,57.2,0,0.29312104,686.4000000000001,201.19828176498416,Medium
4724-WXVWF,95.4,0,0.2920234,1144.8000000000002,334.308377480507,Medium
9079-YEXQJ,111.1,1,0.29171434,1333.1999999999998,388.9135586857795,Medium
5469-CTCWN,106.0,1,0.29084978,1272.0,369.96091389656067,Medium
7239-HZZCX,19.75,1,0.29058287,237.0,68.86813911795616,Medium
7623-TRNQN,49.9,1,0.2892094,598.8,173.1785861134529,Medium
4905-JEFDW,41.6,1,0.28791684,499.20000000000005,143.7280860900879,Medium
6777-TGHTM,106.95,1,0.2826355,1283.4,362.7344134926796,Medium
1360-XFJMR,109.7,0,0.2818985,1316.4,371.0911834716797,Medium
0471-ARVMX,104.85,0,0.2811161,1258.1999999999998,353.70027471184727,Medium
2843-CQMEG,49.7,0,0.27794757,596.4000000000001,165.76793364286425,Medium
5440-VHLUL,105.2,0,0.27690697,1262.4,349.56735534667973,Medium
1559-DTODC,25.15,0,0.27666825,301.79999999999995,83.49847801923751,Medium
6874-SGLHU,97.0,0,0.27654845,1164.0,321.9023902416229,Medium
2750-BJLSB,103.7,0,0.27526727,1244.4,342.5425947546959,Medium
8749-CLJXC,20.05,0,0.27466467,240.60000000000002,66.08431965708733,Medium
6270-OMFIW,94.4,1,0.2731652,1132.8000000000002,309.4415342330933,Medium
1261-FWTTE,34.65,0,0.27269268,415.79999999999995,113.38561649322509,Medium
9254-RBFON,98.6,1,0.27029443,1183.1999999999998,319.81236705780026,Medium
3930-ZGWVE,19.75,0,0.26990628,237.0,63.96778893470764,Medium
3858-XHYJO,105.75,0,0.2681594,1269.0,340.29426527023315,Medium
6854-EXGSF,65.5,0,0.2678327,786.0,210.51649940013885,Medium
9139-WQQDY,100.45,1,0.26643768,1205.4,321.1639789044857,Medium
5966-EMAZU,108.5,0,0.26582772,1302.0,346.1076854467392,Medium
5140-FOMCQ,109.15,0,0.26439962,1309.8000000000002,346.31061953902247,Medium
6429-SHBCB,69.6,0,0.26375893,835.1999999999999,220.2914563179016,Medium
7663-CUXZB,113.75,0,0.26283172,1365.0,358.765294700861,Medium
0058-EVZWM,89.8,0,0.26264256,1077.6,283.02362523078915,Medium
6198-PNNSZ,109.8,0,0.261733,1317.6,344.85939488410946,Medium
4190-MFLUW,55.2,1,0.26169932,662.4000000000001,173.3496288299561,Medium
4672-FOTSD,67.25,0,0.26116946,807.0,210.76375696063042,Medium
8713-IGZSO,24.85,0,0.26047373,298.20000000000005,77.67326574325563,Medium
2391-SOORI,49.35,1,0.25941658,592.2,153.6264987945557,Medium
2087-QAREY,54.7,0,0.2591201,656.4000000000001,170.086438035965,Medium
8849-GYOKR,106.55,1,0.25834113,1278.6,330.31497341394424,Medium
2828-SLQPF,45.0,0,0.2578185,540.0,139.22198474407196,Medium
6284-KMNUF,98.0,0,0.2576773,1176.0,303.0284893512726,Medium
8623-ULFNQ,66.05,0,0.25688994,792.5999999999999,203.61096589565275,Medium
2001-EWBQU,104.7,0,0.25630108,1256.4,322.01667090654377,Medium
9701-CDXHR,69.15,0,0.25411567,829.8000000000001,210.86518372893335,Medium
9163-GHAYE,48.85,0,0.25411454,586.2,148.96194242835045,Medium
1110-KYLGQ,108.25,0,0.25234902,1299.0,327.801375746727,Medium
6583-SZVGP,108.1,0,0.2511767,1297.1999999999998,325.8264345645904,Medium
7124-UGSUR,104.4,1,0.24916725,1252.8000000000002,312.15672905445103,Low
7957-RYHQD,79.2,1,0.24740544,950.4000000000001,235.13412981033326,Low
3865-ZYKAD,84.9,0,0.24625726,1018.8000000000001,250.88689693808558,Low
7251-XFOIL,89.2,0,0.24477078,1070.4,262.0026431322098,Low
2480-EJWYP,97.8,0,0.24263532,1173.6,284.75681694746015,Low
4619-EVPHY,91.0,0,0.24231572,1092.0,264.6087711453438,Low
9389-ACWBI,69.95,0,0.24144211,839.4000000000001,202.6665105879307,Low
1848-LBZHY,50.3,0,0.24052791,603.5999999999999,145.18264827132222,Low
1360-JYXKQ,99.1,0,0.23967758,1189.1999999999998,285.0245760083198,Low
0959-WHOKV,99.0,0,0.23947445,1188.0,284.49564135074615,Low
1015-OWJKI,19.05,0,0.23884168,228.60000000000002,54.59920865893365,Low
6946-LMSQS,89.05,1,0.23798083,1068.6,254.30631246864795,Low
5951-AOFIH,66.4,0,0.23764436,796.8000000000001,189.3550256252289,Low
7134-MJPDY,102.85,0,0.23665015,1234.1999999999998,292.0736200600862,Low
2252-JHJGE,104.0,0,0.23609698,1248.0,294.6490287780762,Low
4701-MLJPN,55.25,1,0.23541044,663.0,156.07711972296238,Low
0431-APWVY,90.1,1,0.23535523,1081.1999999999998,254.46607271432873,Low
3594-IVHJZ,20.45,0,0.2350644,245.39999999999998,57.68480430543422,Low
0365-TRTPY,91.2,0,0.23483756,1094.4,257.00622768402104,Low
2446-ZKVAF,56.8,0,0.23431385,681.5999999999999,159.70831718444822,Low
4945-RVMTE,59.55,0,0.23350897,714.5999999999999,166.8655130445957,Low
8671-KKKOS,45.55,0,0.23279087,546.5999999999999,127.24349088370798,Low
8495-PRWFH,55.65,0,0.23267432,667.8,155.379907938838,Low
8985-OOPOS,74.1,0,0.23110671,889.1999999999999,205.5000895678997,Low
9103-TCIHJ,55.7,1,0.23000702,668.4000000000001,153.73669391870501,Low
2778-OCLGR,39.1,1,0.22964315,469.20000000000005,107.74856652617456,Low
8455-HIRAQ,44.45,0,0.22612919,533.4000000000001,120.61730948388579,Low
6184-DYUOB,19.6,0,0.22382669,235.20000000000002,52.644037842750556,Low
4402-FTBXC,89.8,0,0.22326942,1077.6,240.59512470960615,Low
7054-ENNGU,50.85,0,0.22326316,610.2,136.23517986238005,Low
4819-HJPIW,25.15,0,0.22261499,301.79999999999995,67.18520358502863,Low
4412-YLTKF,78.05,1,0.2221653,936.5999999999999,208.0800213307142,Low
3313-QKNKB,85.55,1,0.22201237,1026.6,227.91789988875388,Low
5027-YOCXN,110.05,0,0.22187169,1320.6,293.00375244319434,Low
7130-CTCUS,54.55,0,0.22097474,654.5999999999999,144.65006700754162,Low
2001-MCUUW,108.65,0,0.22039601,1303.8000000000002,287.3523205339909,Low
2212-LYASK,45.85,0,0.2189601,550.2,120.47185052633287,Low
1444-VVSGW,115.65,1,0.2179106,1387.8000000000002,302.4163344115019,Low
9633-DENPU,58.6,0,0.21774505,703.2,153.11831971406937,Low
2195-VVRJF,59.1,0,0.21731275,709.2,154.1182045698166,Low
9972-VAFJJ,94.0,0,0.21703622,1128.0,244.81685328483582,Low
5186-EJEGL,69.5,0,0.21700564,834.0,180.98270398378372,Low
9327-QSDED,43.55,0,0.21657014,522.5999999999999,113.17955460548399,Low
1346-PJWTK,94.15,0,0.21325144,1129.8000000000002,240.93147885203365,Low
7395-XWZOY,55.0,0,0.21315922,660.0,140.6850841641426,Low
3179-GBRWV,64.95,0,0.212596,779.4000000000001,165.6973218083382,Low
5445-PZWGX,102.0,1,0.21238135,1224.0,259.9547699689865,Low
6713-OKOMC,29.75,0,0.21222687,357.0,75.7649917602539,Low
9097-ZUBYC,48.8,0,0.21202101,585.5999999999999,124.15950236320494,Low
8053-WWDRO,19.5,1,0.21035096,234.0,49.22212475538254,Low
2165-VOEGB,105.2,1,0.20979416,1262.4,264.84415225982667,Low
4016-BJKTZ,108.9,0,0.20905997,1306.8000000000002,273.19956695437435,Low
3237-AJGEH,31.0,1,0.20854202,372.0,77.57763111591339,Low
5198-EFNBM,90.65,0,0.20841254,1087.8000000000002,226.71116420924668,Low
7603-USHJS,73.75,1,0.20687665,885.0,183.08583565056324,Low
1087-UDSIH,19.6,1,0.20634627,235.20000000000002,48.532643508911136,Low
4693-VWVBO,19.55,0,0.20534787,234.60000000000002,48.174609321355824,Low
3794-NFNCH,50.0,0,0.20529303,600.0,123.1758177280426,Low
5022-JNQEQ,75.85,0,0.20510796,910.1999999999999,186.6892625749111,Low
4003-FUSHP,61.55,0,0.2020845,738.5999999999999,149.25960920155046,Low
9330-VOFSZ,110.8,0,0.20130469,1329.6,267.6547145605087,Low
5921-NGYRH,73.55,0,0.20119765,882.5999999999999,177.57704942822454,Low
7789-CRUVC,94.2,0,0.19947055,1130.4,225.48150951862337,Low
0895-LMRSF,64.9,0,0.19934343,778.8000000000001,155.24866173863413,Low
4524-QCSSM,44.65,0,0.1991666,535.8,106.71346210241317,Low
0719-SYFRB,61.65,1,0.19901086,739.8,147.22823711335658,Low
8166-ORCHU,93.55,0,0.19890966,1122.6,223.29597894251344,Low
2659-VXMWZ,111.3,1,0.19833471,1335.6,264.8958370864391,Low
1370-GGAWX,94.15,0,0.19750415,1129.8000000000002,223.1401862829924,Low
6898-MDLZW,53.75,0,0.19748479,645.0,127.37769037485123,Low
9909-DFRJA,95.85,0,0.19730464,1150.1999999999998,226.9397926032543,Low
4237-CLSMM,20.0,0,0.19701736,240.0,47.28416562080383,Low
2748-MYRVK,99.9,1,0.1964248,1198.8000000000002,235.47404685616496,Low
9107-UKCKY,79.8,0,0.19603637,957.5999999999999,187.7244265794754,Low
4396-KLSEH,19.85,0,0.1959002,238.20000000000002,46.66342806816101,Low
5533-RJFTJ,30.2,0,0.19566464,362.4,70.90886707305907,Low
8190-ZTQFB,51.35,0,0.19560786,616.2,120.53356081545354,Low
7017-VFULY,20.1,0,0.19403256,241.20000000000002,46.800654619932175,Low
3413-CSSTH,55.7,0,0.19360198,668.4000000000001,129.40356397032738,Low
0440-QEXBZ,50.15,0,0.19317292,601.8,116.25146131217478,Low
3069-SSVSN,25.85,0,0.19304268,310.20000000000005,59.881839528679855,Low
1379-FRVEB,91.0,0,0.1927416,1092.0,210.4738301038742,Low
0463-WZZKO,20.75,0,0.19231357,249.0,47.886078134179115,Low
5136-RGMZO,71.05,0,0.19104373,852.5999999999999,162.8838880777359,Low
3729-OWRVL,110.35,0,0.19102909,1324.1999999999998,252.9607166200876,Low
3756-VNWDH,100.75,0,0.19098708,1209.0,230.90338012576103,Low
0733-VUNUW,55.65,1,0.18994775,667.8,126.84711021780967,Low
6890-PFRQX,69.5,0,0.18985601,834.0,158.33991041779518,Low
7750-EYXWZ,60.65,0,0.18964025,727.8,138.02017670273779,Low
0701-TJSEF,68.25,0,0.18915465,819.0,154.91766223311424,Low
0440-UEDAI,94.45,0,0.18899423,1133.4,214.2060589671135,Low
2839-RFSQE,20.65,1,0.18827653,247.79999999999998,46.65492396354675,Low
2019-HDCZY,102.6,0,0.18730684,1231.1999999999998,230.6121767878532,Low
7879-CGSFV,100.9,0,0.18598217,1210.8000000000002,225.18720867633823,Low
8970-ANWXO,73.75,0,0.1831699,885.0,162.10536271333694,Low
1809-DMJHQ,46.0,1,0.1827327,552.0,100.86845111846924,Low
7854-EKTJL,19.6,1,0.18038315,235.20000000000002,42.42611589431763,Low
0870-VEMYL,53.85,1,0.17897652,646.2,115.65462780296804,Low
2995-UPRYS,99.2,1,0.17851835,1190.4,212.50824966430665,Low
6383-ZTSIW,99.1,0,0.17701848,1189.1999999999998,210.51037464737888,Low
4332-MUOEZ,94.3,0,0.17591532,1131.6,199.06577129960058,Low
7928-VJYAB,90.6,0,0.17522095,1087.1999999999998,190.50021840333935,Low
1150-WFARN,108.75,1,0.17468067,1305.0,227.9582680016756,Low
9820-RMCQV,48.55,1,0.17461704,582.5999999999999,101.73188585937021,Low
3523-QRQLL,69.5,1,0.17434317,834.0,145.40220272541046,Low
4075-JFPGR,93.5,0,0.17347462,1122.0,194.63852897286415,Low
2972-YDYUW,94.7,0,0.17272764,1136.4,196.28769514560702,Low
9115-YQHGA,51.1,0,0.1722025,613.2,105.59457160234452,Low
0816-TSPHQ,20.75,0,0.17111272,249.0,42.607066333293915,Low
0484-FFVBJ,64.85,0,0.17060015,778.1999999999999,132.7610336601734,Low
2720-FVBQP,48.95,0,0.16981284,587.4000000000001,99.74806409776212,Low
3893-JRNFS,39.9,0,0.16920164,478.79999999999995,81.01374632120131,Low
3694-GLTJM,19.65,0,0.16903746,235.79999999999998,39.859033370018004,Low
0447-BEMNG,45.3,1,0.16863996,543.5999999999999,91.67268111705779,Low
3466-WAESX,69.1,0,0.16793333,829.1999999999999,139.25031718611717,Low
4256-ZWTZI,51.0,0,0.166967,612.0,102.18380677700043,Low
2155-AMQRX,54.9,0,0.16692938,658.8,109.97307495474814,Low
1707-HABPF,91.3,0,0.16670942,1095.6,182.64684391021726,Low
9565-JSNFM,70.45,1,0.16650327,845.4000000000001,140.76186065375808,Low
7036-TYDEC,104.0,0,0.1663633,1248.0,207.62139701843262,Low
4160-AMJTL,19.65,1,0.16634539,235.79999999999998,39.22424241900444,Low
1051-GEJLJ,19.5,0,0.16573295,234.0,38.781510293483734,Low
2308-STERM,19.4,0,0.16552356,232.79999999999998,38.53388450145721,Low
9586-JGQKH,105.4,0,0.16484976,1264.8000000000002,208.501974105835,Low
8819-ZBYNA,109.1,0,0.16446549,1309.1999999999998,215.3182155847549,Low
4323-SADQS,34.5,1,0.16326006,414.0,67.58966383337975,Low
5236-PERKL,112.95,1,0.16059619,1355.4,217.67207847833635,Low
2307-FYNNL,109.05,0,0.15976715,1308.6,209.0712936401367,Low
1855-CFULU,20.05,0,0.15957269,240.60000000000002,38.39318938851357,Low
7629-WIXZF,59.1,0,0.15941052,709.2,113.05394176840782,Low
1629-DQQVB,50.1,0,0.15896653,601.2,95.57067566514016,Low
5240-CAOYT,87.55,0,0.15753804,1050.6,165.5094663709402,Low
6734-FQAJX,105.05,0,0.15680471,1260.6,197.66801821589468,Low
3339-EAQNV,97.25,0,0.15632655,1167.0,182.4330806583166,Low
4468-YDOVK,48.65,0,0.15490647,583.8,90.43439520299434,Low
6483-OATDN,51.3,0,0.15443386,615.5999999999999,95.06948506236076,Low
8409-WQJUX,54.2,0,0.15384606,650.4000000000001,100.06147434711458,Low
9986-BONCE,20.95,1,0.15383144,251.39999999999998,38.67322331964969,Low
2159-TURXX,20.05,0,0.15343185,240.60000000000002,36.915702554583554,Low
6297-NOOPG,110.5,0,0.15254204,1326.0,202.27074471116066,Low
0178-CIIKR,19.95,0,0.15183578,239.39999999999998,36.34948676526546,Low
4627-MIHJH,110.25,0,0.1514527,1323.0,200.37192906439304,Low
9788-YTFGE,19.95,0,0.15110233,239.39999999999998,36.17389882206916,Low
2323-ARSVR,111.05,0,0.15109318,1332.6,201.3467782616615,Low
6766-HFKLA,103.2,0,0.14996463,1238.4,185.7161985397339,Low
0297-RBCSG,65.35,0,0.14956369,784.1999999999999,117.28784182369708,Low
9378-FXTIZ,70.15,1,0.14931402,841.8000000000001,125.69253875613214,Low
9033-EOXWV,74.05,1,0.1471215,888.5999999999999,130.7321684092283,Low
9700-ISPUP,65.5,0,0.14559777,786.0,114.43984785676003,Low
1530-ZTDOZ,40.65,0,0.14541976,487.79999999999995,70.93575967848301,Low
4701-AHWMW,54.55,1,0.14514865,654.5999999999999,95.01430616676807,Low
6968-MHOMU,45.0,0,0.14474644,540.0,78.16307634115219,Low
0106-UGRDO,116.0,0,0.14364296,1392.0,199.951003074646,Low
6784-XYJAE,55.8,0,0.14351125,669.5999999999999,96.09513341188429,Low
5360-LJCNJ,105.15,0,0.14309661,1261.8000000000002,180.55930363833906,Low
6473-ULUHT,84.9,0,0.14263424,1018.8000000000001,145.3157665371895,Low
1852-XEMDW,65.05,0,0.142192,780.5999999999999,110.99507997035978,Low
6776-TLWOI,19.85,1,0.1412231,238.20000000000002,33.63934308886528,Low
2798-NYLMZ,108.55,0,0.14099029,1302.6,183.65394793152808,Low
1385-TQOZW,20.45,0,0.14070491,245.39999999999998,34.52898612320423,Low
4541-RMRLG,19.25,1,0.13994408,231.0,32.32708168029785,Low
4759-PXTAN,80.1,0,0.13928162,961.1999999999999,133.87748892903326,Low
9405-GPBBG,110.5,0,0.13873628,1326.0,183.96430438756943,Low
1136-XGEQU,84.15,0,0.13837034,1009.8000000000001,139.7263643860817,Low
0289-IVARM,60.55,0,0.1375909,726.5999999999999,99.97354798614978,Low
4846-WHAFZ,76.5,1,0.13746552,918.0,126.19334891438484,Low
6497-TILVL,50.7,0,0.13744976,608.4000000000001,83.62443171143534,Low
2758-RNWXS,89.2,0,0.1372588,1070.4,146.92181725502016,Low
9972-NKTFD,54.65,0,0.13689706,655.8,89.77709017395972,Low
9357-UJRUN,58.35,0,0.1359632,700.2,95.20143370628358,Low
4002-BQWPQ,81.75,0,0.13541849,981.0,132.8455382734537,Low
9128-CPXKI,95.8,0,0.13279796,1149.6,152.66453075408936,Low
3896-RCYYE,53.4,0,0.13134524,640.8,84.16603124141693,Low
1936-UAFEH,110.25,0,0.13104448,1323.0,173.37184336781502,Low
5081-NWSUP,64.9,0,0.13087976,778.8000000000001,101.92915692329407,Low
9931-KGHOA,55.0,0,0.13052095,660.0,86.1438301205635,Low
1264-FUHCX,56.3,0,0.1294669,675.5999999999999,87.46784182190893,Low
4785-QRJHC,59.9,1,0.12902695,718.8,92.7445712327957,Low
6933-FHBZC,56.05,0,0.12891431,672.5999999999999,86.70776593387126,Low
9040-KZVWO,75.5,0,0.12876366,906.0,116.65987667441368,Low
3847-BAERP,20.9,0,0.1283531,250.79999999999998,32.19095848202705,Low
1730-VFMWO,50.2,0,0.12824383,602.4000000000001,77.25408546924592,Low
0725-CXOTM,89.65,0,0.1279984,1075.8000000000002,137.70067522823814,Low
9039-RBEEE,48.95,1,0.12777355,587.4000000000001,75.0541851103306,Low
4079-VTGLK,74.85,0,0.12706189,898.1999999999999,114.1269883185625,Low
5574-NXZIU,109.2,0,0.12646341,1310.4,165.7176567077637,Low
6968-URWQU,56.35,0,0.12602575,676.2,85.21861298382282,Low
1386-ZIKUV,18.95,0,0.12600222,227.39999999999998,28.652905350923536,Low
7748-UMTRK,101.3,0,0.12590782,1215.6,153.05355017781255,Low
5850-BDWCY,20.2,0,0.12578337,242.39999999999998,30.489888632297514,Low
3675-EQOZA,20.65,0,0.12516028,247.79999999999998,31.01471661329269,Low
8582-KRHPJ,35.0,0,0.1250965,420.0,52.54052996635437,Low
0265-PSUAE,100.7,0,0.12307634,1208.4,148.72545172870161,Low
2522-WLNSF,64.2,0,0.123009294,770.4000000000001,94.76636030673981,Low
1784-BXEFA,20.55,0,0.12297715,246.60000000000002,30.32616579830647,Low
1097-FSPVW,54.55,0,0.12185552,654.5999999999999,79.76662320345639,Low
9256-JTBNZ,20.3,0,0.121787496,243.60000000000002,29.667434003949168,Low
0013-MHZWF,69.4,0,0.12067759,832.8000000000001,100.50029726028443,Low
9917-KWRBE,78.35,0,0.120293476,940.1999999999999,113.09992584139108,Low
6112-KTHFQ,19.3,0,0.11956345,231.60000000000002,27.69089569151402,Low
3229-USWAR,79.95,0,0.11904414,959.4000000000001,114.2109478980303,Low
0074-HDKDG,61.6,0,0.11758831,739.2,86.92127981185914,Low
3173-NVMPX,55.3,0,0.11720432,663.5999999999999,77.77678901553153,Low
5271-YNWVR,113.15,1,0.11652621,1357.8000000000002,158.2192863330245,Low
7838-LAZFO,78.8,0,0.116494946,945.5999999999999,110.15762110948562,Low
3594-UVONA,85.95,1,0.11631186,1031.4,119.9640555649996,Low
9480-BQJEI,92.3,0,0.11627411,1107.6,128.78520531356332,Low
2040-OBMLJ,81.7,0,0.11536502,980.4000000000001,113.10386652052404,Low
6258-NGCNG,23.5,0,0.113605544,282.0,32.0367633998394,Low
9025-ZRPVR,18.95,1,0.111830965,227.39999999999998,25.430361369252203,Low
2533-QVMSK,94.1,1,0.11157343,1129.1999999999998,125.98871480226515,Low
0665-XHDJU,99.4,0,0.111365296,1192.8000000000002,132.83652500510217,Low
4304-TSPVK,114.9,0,0.11132234,1378.8000000000002,153.49124701023104,Low
0868-VJRDR,104.05,0,0.110132694,1248.6,137.51168203353882,Low
7669-LCRSD,56.3,0,0.10902573,675.5999999999999,73.6577843248844,Low
9364-YKUVW,19.8,0,0.10878668,237.60000000000002,25.847715121507647,Low
2368-GAKKQ,113.65,0,0.10841165,1363.8000000000002,147.8518046960235,Low
3787-TRIAL,26.05,0,0.10721079,312.6,33.51409376710654,Low
7654-YWJUF,84.25,0,0.10639507,1011.0,107.56541904062033,Low
7233-IOQNP,34.0,0,0.10618866,408.0,43.32497423887253,Low
0486-HECZI,96.75,1,0.10606196,1161.0,123.13793297857046,Low
8089-UZWLX,104.05,0,0.10565279,1248.6,131.9180695876479,Low
9330-DHBFL,66.25,0,0.10545987,795.0,83.84059578180313,Low
8930-XOTDP,55.95,0,0.1050672,671.4000000000001,70.54211872369052,Low
3639-XJHKQ,60.6,0,0.10460814,727.2,76.07104005217553,Low
5524-KHNJP,74.75,0,0.10441015,897.0,93.6559037938714,Low
5709-LVOEQ,80.85,0,0.10414057,970.1999999999999,101.03718319684266,Low
9289-LBQVU,70.15,0,0.10406484,841.8000000000001,87.60177986919881,Low
3733-UOCWF,85.55,0,0.10406423,1026.6,106.83234221488236,Low
7010-ZMVBF,20.45,0,0.10363458,245.39999999999998,25.431926169991492,Low
2428-ZMCTB,19.75,0,0.10346847,237.0,24.52202745527029,Low
0983-TATYJ,51.45,0,0.10340382,617.4000000000001,63.84151944816114,Low
0628-CNQRM,67.5,1,0.10285779,810.0,83.3148106187582,Low
5236-XMZJY,59.65,0,0.102831565,715.8,73.60683411508798,Low
9013-AQORL,45.55,0,0.10257825,546.5999999999999,56.0692728459835,Low
5701-GUXDC,35.4,0,0.10232886,424.79999999999995,43.46929941773414,Low
7356-AYNJP,23.9,0,0.10220914,286.79999999999995,29.313582310080523,Low
1218-VKFPE,19.0,1,0.10169621,228.0,23.186735451221466,Low
6900-RBKER,89.45,0,0.10108386,1073.4,108.5034151107073,Low
7666-WKRON,80.45,1,0.10098197,965.4000000000001,97.48799684196712,Low
6568-POCUI,95.2,0,0.10046319,1142.4,114.76914732456208,Low
7690-KPNCU,73.05,0,0.100286886,876.5999999999999,87.91148435175418,Low
7531-GQHME,20.05,0,0.10015952,240.60000000000002,24.09838013201952,Low
5468-BPMMO,19.6,0,0.099286,235.20000000000002,23.352066600322726,Low
6075-QMNRR,49.75,0,0.09923628,597.0,59.24405899643898,Low
9143-CANJF,55.15,0,0.099042386,661.8,65.54625093340873,Low
2746-DIJLO,56.3,0,0.09886219,675.5999999999999,66.79129794538021,Low
9054-FOWNV,88.75,0,0.09861535,1065.0,105.02534598112106,Low
7997-EASSD,81.2,0,0.09831755,974.4000000000001,95.80061938762665,Low
2930-UOTMB,65.25,1,0.09782989,783.0,76.60080640017986,Low
4501-UYKBC,69.1,0,0.09760875,829.1999999999999,80.93717761337757,Low
0373-AIVNJ,39.55,0,0.09530653,474.59999999999997,45.232479420304294,Low
2511-MORQY,54.9,0,0.09485071,658.8,62.48764875233173,Low
0134-XWXCE,74.85,0,0.094749294,898.1999999999999,85.10381606966257,Low
0997-YTLNY,48.8,0,0.094538525,585.5999999999999,55.361760091781605,Low
2911-WDXMV,80.55,0,0.09421519,966.5999999999999,91.06840449124574,Low
1744-JHKYS,24.7,0,0.09412851,296.4,27.899690911173817,Low
0254-KCJGT,81.4,0,0.093606874,976.8000000000001,91.43519486188889,Low
7764-BDPEE,20.85,0,0.0932468,250.20000000000002,23.33035003244877,Low
3926-YZVVX,50.05,0,0.092633896,600.5999999999999,55.63591768294572,Low
2967-MXRAV,18.8,0,0.09233002,225.60000000000002,20.829653334617618,Low
0516-UXRMT,92.05,0,0.092328764,1104.6,101.98635326474904,Low
7159-NOKYQ,93.15,0,0.091637135,1117.8000000000002,102.4319890022278,Low
5537-UXXVS,19.25,0,0.09145983,231.0,21.127221442759037,Low
1395-OFUWC,29.3,0,0.09116261,351.6,32.05277264714241,Low
6773-LQTVT,35.65,0,0.0908218,427.79999999999995,38.85356715917587,Low
6838-HVLXG,20.3,0,0.09012533,243.60000000000002,21.95453033745289,Low
8780-RSYYU,19.2,0,0.09006743,230.39999999999998,20.751536178588864,Low
4973-RLZVI,74.65,0,0.089903966,895.8000000000001,80.5359723776579,Low
9610-WCESF,43.9,0,0.088978216,526.8,46.87372421622276,Low
2958-NHPPS,20.85,0,0.088693045,250.20000000000002,22.190999878942968,Low
3948-FVVRP,54.8,0,0.088602185,657.5999999999999,58.264797019958486,Low
9779-DPNEJ,80.15,0,0.08795539,961.8000000000001,84.59549688845874,Low
5155-AZQPB,49.9,0,0.08674523,598.8,51.94304512739181,Low
7311-MQJCH,19.55,0,0.08666237,234.60000000000002,20.330991294980052,Low
5025-GOOKI,18.9,0,0.08607404,226.79999999999998,19.52159212231636,Low
3354-OADJP,54.25,0,0.08575971,651.0,55.82956912368536,Low
5049-MUBWG,75.0,0,0.08526341,900.0,76.73706784844398,Low
5863-OOKCL,18.85,0,0.08484573,226.20000000000002,19.192103938758375,Low
9089-UOWJG,58.35,0,0.08344581,700.2,58.42875600904227,Low
4223-BKEOR,64.85,0,0.08334059,778.1999999999999,64.8556492254138,Low
7032-LMBHI,64.65,0,0.082732655,775.8000000000001,64.18399383276702,Low
9481-SFCQY,59.8,0,0.08248349,717.5999999999999,59.190154427289954,Low
5753-QQWPW,59.9,0,0.081676915,718.8,58.709366708993905,Low
6797-LNAQX,98.3,1,0.08140494,1179.6,96.02526639103888,Low
4464-JCOLN,19.85,1,0.08123236,238.20000000000002,19.349548508226874,Low
3161-ONRWK,65.85,0,0.08113787,790.1999999999999,64.11514742821454,Low
8457-XIGKN,19.6,0,0.08099939,235.20000000000002,19.051056361198427,Low
7691-XVTZH,89.95,0,0.07995842,1079.4,86.30711479336024,Low
0536-ACXIP,109.55,0,0.07985271,1314.6,104.97436952143907,Low
5671-RQRLP,75.65,0,0.079416476,907.8000000000001,72.09427708536387,Low
3442-ZHHCC,76.9,0,0.07927011,922.8000000000001,73.15045707821847,Low
3077-RSNTJ,19.7,0,0.079067275,236.39999999999998,18.69150379300117,Low
2272-WUSPA,110.75,0,0.079051144,1329.0,105.05897093564272,Low
1936-CZAKF,49.65,0,0.07812383,595.8,46.54617806822061,Low
4660-IRIBM,87.9,0,0.07805204,1054.8000000000002,82.32928806245329,Low
9720-JJJOR,60.3,0,0.07768798,723.5999999999999,56.21502141952514,Low
7266-GSSJX,20.45,0,0.077026576,245.39999999999998,18.902321702241895,Low
8059-UDZFY,105.35,0,0.07674663,1264.1999999999998,97.02308672368525,Low
7581-EBBOU,70.15,0,0.076448835,841.8000000000001,64.3546296671033,Low
9367-TCUYN,20.1,0,0.07626724,241.20000000000002,18.39565887451172,Low
2325-ZUSFD,70.1,1,0.075810045,841.1999999999999,63.7714098572731,Low
9052-DHNKM,61.55,0,0.075494036,738.5999999999999,55.75989504754543,Low
2926-JEJJC,20.2,0,0.07499132,242.39999999999998,18.177896708250046,Low
3055-VTCGS,58.55,0,0.07495546,702.5999999999999,52.66370859146117,Low
6366-XIVKZ,63.15,0,0.07472823,757.8,56.62905129343271,Low
5161-XEUVX,94.3,0,0.07441489,1131.6,84.20788560211658,Low
7677-SJJJK,19.9,0,0.0737894,238.79999999999998,17.620909398794172,Low
3750-YHRYO,20.65,0,0.073710315,247.79999999999998,18.26541603952646,Low
8646-JCOMS,90.55,0,0.07294486,1086.6,79.26188181191682,Low
2061-VVFST,19.5,0,0.07252988,234.0,16.971992433071136,Low
9866-OCCKE,109.75,0,0.072340764,1317.0,95.27278632670641,Low
3623-FQBOX,19.95,0,0.07232916,239.39999999999998,17.315601754188535,Low
8727-XDPUD,35.8,0,0.07209397,429.59999999999997,30.97156997323036,Low
2834-JKOOW,45.9,0,0.07164982,550.8,39.464720642566675,Low
9351-HXDMR,110.9,0,0.071081586,1330.8000000000002,94.59537489116194,Low
8378-LKJAF,101.15,0,0.0710478,1213.8000000000002,86.23781696856024,Low
3181-MIZBN,19.75,0,0.07077552,237.0,16.773797370493412,Low
2239-CFOUJ,20.4,0,0.07069797,244.79999999999998,17.306863224506376,Low
4353-HYOJD,49.85,0,0.07050507,598.2,42.17613150179386,Low
5297-MDOIR,81.15,0,0.07041373,973.8000000000001,68.56889128535987,Low
0866-QLSIR,64.4,1,0.07025734,772.8000000000001,54.294874942302705,Low
9209-NWPGU,65.4,0,0.070106864,784.8000000000001,55.01986684799195,Low
8909-BOLNL,21.2,0,0.07009242,254.39999999999998,17.831510961055756,Low
8034-RYTVV,84.25,0,0.06983224,1011.0,70.60039769858122,Low
6953-PBDIN,72.95,0,0.06975525,875.4000000000001,61.06374473422766,Low
9473-CBZOP,59.0,0,0.06974032,708.0,49.37614497542381,Low
8869-TORSS,60.35,1,0.069527395,724.2,50.35173950940371,Low
9308-ANMVE,55.3,0,0.06918945,663.5999999999999,45.91412010490894,Low
8741-LQOBK,35.05,0,0.06852247,420.59999999999997,28.820550128817555,Low
1090-ESELR,105.5,0,0.068465,1266.0,86.6766923815012,Low
1265-HVPZB,66.4,0,0.068209544,796.8000000000001,54.34936451911927,Low
9313-CDOGY,19.6,0,0.068085514,235.20000000000002,16.013712894916537,Low
2129-ALKBS,26.2,0,0.06785942,314.4,21.33500123620033,Low
8777-PVYGU,64.3,0,0.06774143,771.5999999999999,52.269288387894626,Low
9142-XMYJH,19.35,0,0.06756827,232.20000000000002,15.689352840185167,Low
9906-NHHVC,53.5,0,0.067477584,642.0,43.32060885429382,Low
0076-LVEPS,45.0,0,0.06737003,540.0,36.37981474399567,Low
1952-DVVSW,20.1,0,0.06734981,241.20000000000002,16.2447733104229,Low
5804-HYIEZ,106.05,0,0.06733446,1272.6,85.68983154594898,Low
2907-ILJBN,20.6,0,0.06727939,247.20000000000002,16.63146545290947,Low
8400-WZICQ,55.7,0,0.06720077,668.4000000000001,44.91699631512166,Low
9313-QOLTZ,20.9,0,0.06710727,250.79999999999998,16.83050273358822,Low
4039-PIMHX,49.8,0,0.06696856,597.5999999999999,40.02041158676147,Low
4137-JOPHL,89.7,0,0.06689559,1076.4,72.00641224980355,Low
3487-EARAT,74.1,0,0.0668044,889.1999999999999,59.4024738818407,Low
3011-WQKSZ,20.0,0,0.06654513,240.0,15.970830917358398,Low
4489-SNOJF,72.25,1,0.06639494,867.0,57.564412996172905,Low
4946-EDSEW,19.25,1,0.06612497,231.0,15.274867661297321,Low
6682-QJDGB,55.25,1,0.06605115,663.0,43.79191104322672,Low
4947-DSMXK,97.7,0,0.065901786,1172.4,77.26325401067734,Low
6461-PPAXN,54.95,0,0.06574411,659.4000000000001,43.35166577249766,Low
1492-QGCLU,85.7,0,0.06520723,1028.4,67.05911334156991,Low
0377-JBKKT,57.95,0,0.065206416,695.4000000000001,45.34454165250064,Low
6194-HBGQN,81.15,0,0.06519656,973.8000000000001,63.488408991694456,Low
6080-TCMYC,81.2,0,0.06486846,974.4000000000001,63.207825100421914,Low
4751-ERMAN,75.4,0,0.06406385,904.8000000000001,57.9649688243866,Low
6164-HXUGH,19.85,0,0.063995,238.20000000000002,15.243609881401063,Low
2245-ADZFJ,80.55,0,0.06391525,966.5999999999999,61.7804832458496,Low
7338-ERIVA,45.05,0,0.06374144,540.5999999999999,34.458621431887146,Low
1545-JFUML,99.0,0,0.063553594,1188.0,75.50166973471642,Low
5820-PTRYM,68.45,0,0.063389726,821.4000000000001,52.068320922553546,Low
6598-RFFVI,19.3,1,0.06285771,231.60000000000002,14.557845595479012,Low
2923-ARZLG,19.7,0,0.06280748,236.39999999999998,14.84768780171871,Low
0164-APGRB,114.9,0,0.06275748,1378.8000000000002,86.53000951409341,Low
9860-LISIZ,20.35,0,0.062174667,244.20000000000002,15.183053601533176,Low
2676-SSLTO,66.15,0,0.061950844,793.8000000000001,49.17657979354263,Low
9220-ZNKJI,88.8,0,0.061833538,1065.6,65.88981821537017,Low
4654-ULTTN,74.8,0,0.06143199,897.5999999999999,55.141353392601005,Low
5619-XZZKR,19.95,0,0.06138557,239.39999999999998,14.695705034583806,Low
5442-BXVND,24.25,0,0.06127364,291.0,17.83062870427966,Low
7191-ADRGF,54.3,0,0.060774162,651.5999999999999,39.60044422745704,Low
3524-WQDSG,99.3,0,0.0605269,1191.6,72.12385403215885,Low
9412-ARGBX,95.5,1,0.060305785,1146.0,69.11043005436659,Low
6872-HXFNF,58.35,0,0.059540596,700.2,41.69032522067428,Low
1038-RQOST,20.6,0,0.059231382,247.20000000000002,14.641997596621515,Low
2091-MJTFX,51.2,1,0.05903349,614.4000000000001,36.27017669677735,Low
9070-BCKQP,110.15,0,0.058819372,1321.8000000000002,77.74744618311526,Low
7492-TAFJD,38.55,0,0.058459368,462.59999999999997,27.043303453177213,Low
7375-WMVMT,95.5,0,0.058365855,1146.0,66.88727024942636,Low
8024-XNAFQ,107.4,0,0.05831343,1288.8000000000002,75.15434775352479,Low
2388-LAESQ,114.85,0,0.05823375,1378.1999999999998,80.25775303915142,Low
2188-SXWVT,55.0,0,0.058093186,660.0,38.34150306880474,Low
8809-XKHMD,100.55,0,0.057927947,1206.6,69.89586144313216,Low
6681-ZSEXG,59.5,0,0.05784593,714.0,41.30199509114027,Low
4500-HKANN,59.7,0,0.057726085,716.4000000000001,41.354967427253726,Low
4830-FAXFM,24.1,0,0.057666916,289.20000000000005,16.677272222936157,Low
3780-DDGSE,76.05,0,0.05737986,912.5999999999999,52.364860629290334,Low
8570-KLJYJ,54.45,0,0.057333454,653.4000000000001,37.46167916357518,Low
1271-UODNO,53.85,0,0.05685457,646.2,36.739422114193445,Low
4359-INNWN,20.05,0,0.056311846,240.60000000000002,13.5486300945282,Low
7649-PHJVR,19.5,0,0.056220774,234.0,13.155661024153233,Low
9298-WGMRW,115.5,0,0.056126647,1386.0,77.7915323227644,Low
5651-YLPRD,86.1,0,0.05609819,1033.1999999999998,57.960649086534964,Low
6322-HRPFA,59.6,0,0.05573514,715.2,39.86177287101746,Low
8735-NBLWT,20.4,0,0.05572926,244.79999999999998,13.642522555589675,Low
5018-LXQQG,66.3,0,0.055421717,795.5999999999999,44.09351841509341,Low
7520-HQWJU,67.45,0,0.055380855,809.4000000000001,44.82526383921505,Low
9359-UGBTK,72.35,0,0.055367053,868.1999999999999,48.06967502832412,Low
8401-EMUWF,69.4,0,0.055247936,832.8000000000001,46.010481432080276,Low
6919-ELBGL,114.95,0,0.055148777,1379.4,76.07222247049214,Low
4717-GHADL,79.6,0,0.05398559,955.1999999999999,51.56703389883041,Low
9822-BIIGN,71.85,0,0.05390509,862.1999999999999,46.47696726545691,Low
0707-HOVVN,75.5,0,0.053844385,906.0,48.78301267325878,Low
1525-LNLOJ,63.3,0,0.05346629,759.5999999999999,40.61299406290054,Low
6993-YCOBK,110.6,0,0.053301387,1327.1999999999998,70.74160020947456,Low
5934-TSSAU,75.3,0,0.053044084,903.5999999999999,47.93063471764326,Low
5061-PBXFW,61.4,0,0.052966822,736.8,39.0259544044733,Low
6726-NNFWD,89.45,0,0.052682206,1073.4,56.54907995760441,Low
7401-JIXNM,91.3,0,0.052646965,1095.6,57.68001462221145,Low
4560-WQAQW,68.7,0,0.052326314,824.4000000000001,43.13781338632107,Low
5170-PTRKA,35.8,0,0.052307885,429.59999999999997,22.47146745622158,Low
9746-UGFAC,20.85,0,0.051961444,250.20000000000002,13.000753368437291,Low
5318-YKDPV,79.15,0,0.05184263,949.8000000000001,49.24012988805771,Low
1074-AMIOH,108.25,0,0.050908,1299.0,66.12949106097221,Low
9926-PJHDQ,76.8,0,0.0508555,921.5999999999999,46.86842765808105,Low
8782-NUUOL,79.0,0,0.050614577,948.0,47.98261879384518,Low
2649-HWLYB,76.15,0,0.050441187,913.8000000000001,46.09315656647087,Low
0257-KXZGU,62.45,0,0.050419148,749.4000000000001,37.78410955443979,Low
2294-DMMUS,70.45,0,0.050259024,845.4000000000001,42.48897880911827,Low
4737-HOBAX,79.8,0,0.04999948,957.5999999999999,47.87950128614902,Low
8345-MVDYC,81.65,0,0.04960632,979.8000000000001,48.60427186265588,Low
4376-KFVRS,114.05,0,0.049354155,1368.6,67.54609600827098,Low
5505-OVWQW,20.15,0,0.04862493,241.79999999999998,11.757507842034101,Low
5245-VDBUR,35.45,0,0.04849907,425.40000000000003,20.63150442391634,Low
8690-UPCZI,69.05,0,0.048270166,828.5999999999999,39.99665948152542,Low
7426-WEIJX,80.95,0,0.048138868,971.4000000000001,46.762096437066795,Low
0420-TXVSG,66.1,0,0.04808266,793.1999999999999,38.13916661292314,Low
0788-DXBFY,19.55,0,0.04768207,234.60000000000002,11.186213444173337,Low
9544-PYPSJ,96.1,0,0.04749255,1153.1999999999998,54.768407303094854,Low
0513-RBGPE,62.8,0,0.04730605,753.5999999999999,35.64983898997306,Low
6685-GBWJZ,70.8,0,0.047243822,849.5999999999999,40.138351482152935,Low
8573-JGCZW,19.65,0,0.047096543,235.79999999999998,11.105364842712879,Low
1122-YJBCS,53.65,0,0.04673778,643.8,30.08978207632899,Low
9968-FFVVH,68.8,0,0.046448894,825.5999999999999,38.34820675849914,Low
0727-BNRLG,97.65,0,0.046329178,1171.8000000000002,54.28853068202735,Low
4709-LKHYG,20.0,0,0.04608868,240.0,11.061283349990845,Low
3115-CZMZD,20.25,0,0.045825023,243.0,11.135480638593435,Low
0019-EFAEP,101.3,0,0.04557885,1215.6,55.40564832240343,Low
4981-FLTMF,65.2,0,0.04521518,782.4000000000001,35.376355487108235,Low
9637-CDTKZ,114.1,0,0.04493897,1369.1999999999998,61.53043821305036,Low
3530-VWVGU,19.9,0,0.04491189,238.79999999999998,10.724959623813628,Low
4825-FUREZ,20.25,0,0.044759013,243.0,10.876440100371838,Low
3489-VSFRD,60.25,0,0.044071093,723.0,31.863400384783745,Low
7359-WWYJV,114.45,0,0.044013973,1373.4,60.44879096522928,Low
2250-IVBWA,81.05,0,0.04375047,972.5999999999999,42.55170580074191,Low
1131-ALZWV,24.6,0,0.043702327,295.20000000000005,12.900926846265795,Low
9534-NSXEM,20.65,0,0.043313675,247.79999999999998,10.73312857300043,Low
0121-SNYRK,35.4,0,0.043273423,424.79999999999995,18.38255003392696,Low
9339-FIIJL,85.95,0,0.042979337,1031.4,44.32888846546412,Low
8390-FESFV,84.5,0,0.04263011,1014.0,43.2269314751029,Low
5702-KVQRD,82.55,0,0.042536464,990.5999999999999,42.1366208307445,Low
2088-IEBAU,88.15,0,0.0421606,1057.8000000000002,44.59748312830926,Low
1133-KXCGE,20.1,0,0.042016637,241.20000000000002,10.134412743151188,Low
9824-QCJPK,20.0,0,0.04199849,240.0,10.0796377658844,Low
0979-MOZQI,39.0,0,0.041886497,468.0,19.602880731225014,Low
2408-PSJVE,61.9,0,0.04188526,742.8,31.11237149387598,Low
2171-UDMFD,19.45,0,0.041767344,233.39999999999998,9.748498061299323,Low
4702-HDRKD,49.35,0,0.04167232,592.2,24.67834741473198,Low
1036-GUDCL,79.05,0,0.04141711,948.5999999999999,39.28827122077345,Low
6064-ZATLR,52.85,0,0.041260395,634.2,26.167342635244133,Low
0230-UBYPQ,36.1,0,0.040875178,433.20000000000005,17.707127036154272,Low
2812-REYAT,20.05,0,0.04073631,240.60000000000002,9.801156230270864,Low
1174-FGIFN,90.45,0,0.0407336,1085.4,44.21224745661021,Low
3125-RAHBV,20.3,0,0.040393043,243.60000000000002,9.839745350182058,Low
8763-KIAFH,20.55,0,0.04003429,246.60000000000002,9.872456013411284,Low
1139-WUOAH,53.35,0,0.039710183,640.2,25.422458962351087,Low
8430-TWCBX,20.7,0,0.039683763,248.39999999999998,9.857446713745594,Low
0052-YNYOT,20.55,0,0.03965656,246.60000000000002,9.779307910054923,Low
7572-KPVKK,104.05,0,0.039253272,1248.6,49.01163556426763,Low
5329-KRDTM,77.35,0,0.03898126,928.1999999999999,36.18240448236465,Low
6388-TABGU,56.15,0,0.038860854,673.8,26.1844432644546,Low
3506-OVLKD,26.2,0,0.038557045,314.4,12.122334998846053,Low
7279-NMVJC,19.9,0,0.03809953,238.79999999999998,9.098168022930622,Low
9073-ZZIAY,86.1,0,0.03769019,1033.1999999999998,38.94150300174951,Low
0307-BCOPK,19.05,0,0.037633125,228.60000000000002,8.602932315319777,Low
0397-ZXWQF,20.5,0,0.03761808,246.0,9.254047259688377,Low
4012-YCFAI,61.35,0,0.03754547,736.2,27.640974026173353,Low
7061-OVMIM,19.55,0,0.037280917,234.60000000000002,8.746103167533875,Low
3705-PSNGL,20.4,1,0.037193887,244.79999999999998,9.105063521862029,Low
4121-AGSIN,24.5,0,0.03705596,294.0,10.894452765583992,Low
1023-BQXZE,74.35,0,0.03703995,892.1999999999999,33.04704382717609,Low
2788-CJQAQ,19.45,0,0.03688543,233.39999999999998,8.609059169143437,Low
2150-OEGBV,20.1,0,0.036824327,241.20000000000002,8.8820276632905,Low
3910-MRQOY,19.4,0,0.036648527,232.79999999999998,8.531777036190032,Low
0913-XWSCN,85.5,0,0.036602847,1026.0,37.554521307349205,Low
0327-WFZSY,100.0,0,0.036352012,1200.0,43.62241476774216,Low
5324-KTGCG,20.85,0,0.036069673,250.20000000000002,9.02463207319379,Low
6559-RAKOZ,97.95,0,0.0358901,1175.4,42.18522196635604,Low
4648-YPBTM,73.9,0,0.035557102,886.8000000000001,31.532038418948652,Low
0608-JDVEC,19.8,0,0.035544608,237.60000000000002,8.445398810505868,Low
6814-ZPWFQ,25.0,0,0.035398223,300.0,10.619466751813889,Low
5893-PYOLZ,81.8,0,0.035351213,981.5999999999999,34.700750747323035,Low
8181-YHCMF,60.3,0,0.035343226,723.5999999999999,25.574358366429802,Low
5924-SNGKP,20.25,0,0.03514985,243.0,8.54141353815794,Low
2969-WGHQO,69.45,0,0.035140004,833.4000000000001,29.28567934110761,Low
7919-ZODZZ,65.9,0,0.034916952,790.8000000000001,27.612325841188433,Low
1956-YIFGE,100.05,0,0.03483641,1200.6,41.82459561824798,Low
0379-DJQHR,81.35,0,0.03478978,976.1999999999999,33.961781568825245,Low
5313-FPXWG,24.6,0,0.03467438,295.20000000000005,10.235876968503,Low
3649-JPUGY,88.6,0,0.034668673,1063.1999999999998,36.85973295271396,Low
7803-XOCCZ,84.05,0,0.034438975,1008.5999999999999,34.73515034168958,Low
3985-HOYPM,19.4,0,0.034435794,232.79999999999998,8.016652786731719,Low
6421-SZVEM,82.85,0,0.034130994,994.1999999999999,33.93303446397185,Low
6967-PEJLL,40.2,0,0.03406884,482.40000000000003,16.434809133410454,Low
3982-JGSFD,20.35,0,0.033878215,244.20000000000002,8.27306001931429,Low
6349-JDHQP,19.85,0,0.033584382,238.20000000000002,7.99979988411069,Low
0909-SELIE,80.8,0,0.033400007,969.5999999999999,32.384646391868586,Low
6698-OXETB,20.4,0,0.033365693,244.79999999999998,8.167921632528305,Low
3251-YMVWZ,24.05,0,0.03291128,288.6,9.498194919526577,Low
8873-TMKGR,19.1,0,0.032778513,229.20000000000002,7.512835107743741,Low
2987-BJXIK,84.7,0,0.032463413,1016.4000000000001,32.995812700688845,Low
2332-TODQS,25.05,0,0.03245204,300.6,9.755083049833775,Low
5917-RYRMG,19.8,0,0.032436937,237.60000000000002,7.707016253471375,Low
1459-QNFQT,59.5,0,0.032291654,714.0,23.056241311132908,Low
5473-KHBPS,95.7,0,0.032241467,1148.4,37.026101146638396,Low
6823-SIDFQ,18.25,0,0.032046482,219.0,7.018179550766945,Low
0048-PIHNL,20.45,0,0.031906404,245.39999999999998,7.829831443727016,Low
8207-VVMYB,26.0,0,0.03184751,312.0,9.936423271894455,Low
7560-QJAVJ,79.6,0,0.031674378,955.1999999999999,30.25536550283432,Low
4700-UBQMV,75.9,0,0.03162371,910.8000000000001,28.80287501960993,Low
8717-VCTXJ,19.55,0,0.031555697,234.60000000000002,7.402966591715813,Low
6418-HNFED,83.25,0,0.031050356,999.0,31.01930574886501,Low
5857-XRECV,20.5,0,0.031034984,246.0,7.63460598886013,Low
7114-AEOZE,19.85,0,0.030914053,238.20000000000002,7.363727501034737,Low
9030-QGZNL,20.85,0,0.030720191,250.20000000000002,7.686191807314754,Low
4937-QPZPO,99.9,0,0.030699836,1198.8000000000002,36.80296350494028,Low
3567-PQTSO,105.25,0,0.03064732,1263.0,38.70756600983441,Low
7369-TRPFD,18.8,0,0.030484263,225.60000000000002,6.87724969983101,Low
1568-BEKZM,90.05,0,0.030435694,1080.6,32.88881134875118,Low
9674-EHPPG,40.4,0,0.030403586,484.79999999999995,14.73965854346752,Low
9919-FZDED,84.1,0,0.030331198,1009.1999999999999,30.610245148837564,Low
8241-JUIQO,19.45,0,0.030133946,233.39999999999998,7.03326296545565,Low
5808-TOTXO,20.55,0,0.030065415,246.60000000000002,7.414131444320083,Low
2320-TZRRH,19.5,0,0.0300532,234.0,7.032448846846819,Low
8701-DGLVH,20.45,0,0.0299373,245.39999999999998,7.346613623946904,Low
3454-JFUBC,20.0,0,0.029520132,240.0,7.084831595420837,Low
5380-XPJNZ,20.05,0,0.029448291,240.60000000000002,7.0852588836103685,Low
0516-OOHAR,100.35,0,0.029421182,1204.1999999999998,35.42898778505623,Low
2616-FLVQC,19.55,0,0.02936884,234.60000000000002,6.889929901063443,Low
1729-VLAZJ,40.25,0,0.029321723,483.0,14.162392057478428,Low
6203-HBZPA,63.9,0,0.02924559,766.8,22.42551901862025,Low
1470-PSXNM,93.65,0,0.028931718,1123.8000000000002,32.51346504762769,Low
2233-TXSIU,44.45,0,0.028525151,533.4000000000001,15.215315710008147,Low
5204-HMGYF,87.2,0,0.028169444,1046.4,29.47650602459908,Low
4086-ATNFV,60.8,0,0.02808518,729.5999999999999,20.490947055816648,Low
9385-NXKDA,82.65,0,0.027955469,991.8000000000001,27.726233900338414,Low
0123-CRBRT,88.1,0,0.027914712,1057.1999999999998,29.51143374368548,Low
5514-YQENT,111.15,0,0.02782392,1333.8000000000002,37.11154373623431,Low
4377-VDHYI,90.8,0,0.027743664,1089.6,30.229495900869367,Low
0839-JTCUD,89.9,0,0.027642433,1078.8000000000002,29.820656289160258,Low
6223-DHJGV,20.65,0,0.027538627,247.79999999999998,6.824071866273879,Low
6288-CHQJB,69.95,0,0.027466608,839.4000000000001,23.055470932647587,Low
7515-LODFU,20.3,0,0.027242446,243.60000000000002,6.636259923130274,Low
9844-FELAJ,107.9,0,0.027218793,1294.8000000000002,35.242892642319205,Low
3766-EJLFL,109.05,0,0.027055323,1308.6,35.40459583997726,Low
5062-CJJKH,53.65,0,0.026639417,643.8,17.15045654475689,Low
3200-MNQTF,70.9,0,0.026618998,850.8000000000001,22.647443921864035,Low
9548-LERKT,19.75,0,0.026580298,237.0,6.299530701711774,Low
5063-IUOKK,19.75,0,0.02596692,237.0,6.154160030186176,Low
3646-ITDGM,19.7,0,0.025950113,236.39999999999998,6.1346067868173115,Low
6119-SPUDB,38.25,0,0.025858384,459.0,11.86899808421731,Low
5975-BAICR,63.7,0,0.025596093,764.4000000000001,19.56565378457308,Low
1741-WTPON,115.85,0,0.025503121,1390.1999999999998,35.45443925410509,Low
4521-WFJAI,25.95,0,0.02520626,311.4,7.849229483306408,Low
8591-TKMZH,111.1,0,0.024977492,1333.1999999999998,33.299992559105156,Low
0048-LUMLS,91.2,0,0.024959017,1094.4,27.315147757530216,Low
5825-XJOCM,64.4,0,0.024899445,772.8000000000001,19.24229146242142,Low
3970-XGJDU,19.2,0,0.024812024,230.39999999999998,5.716690349578857,Low
6374-AFWOX,65.65,0,0.024785686,787.8000000000001,19.52616365477443,Low
0980-FEXWF,50.35,0,0.024394996,604.2,14.739456863701344,Low
9402-ROUMJ,100.25,0,0.024385862,1203.0,29.336192049086094,Low
4184-VODJZ,91.35,0,0.024370145,1096.1999999999998,26.71455300673842,Low
5014-WUQMG,96.1,0,0.024365446,1153.1999999999998,28.098231864720578,Low
7649-SIJJF,80.1,0,0.024337238,961.1999999999999,23.392952878028154,Low
4018-PPNDW,24.1,0,0.024292758,289.20000000000005,7.025465536862613,Low
5495-GPSRW,19.7,0,0.02416715,236.39999999999998,5.713114321231841,Low
5469-NUJUR,19.95,0,0.02412235,239.39999999999998,5.77489057034254,Low
5446-DKWYW,65.2,0,0.024118511,782.4000000000001,18.87032301127911,Low
4213-HKBJO,25.7,0,0.024047744,308.4,7.4163241043686865,Low
6134-KWTBV,23.4,0,0.024033373,280.79999999999995,6.7485712006688106,Low
8626-PTQGE,60.05,0,0.023749556,720.5999999999999,17.113930336385963,Low
7322-OCWHC,93.05,0,0.023693834,1116.6,26.456534486263987,Low
3400-ESFUW,57.55,1,0.023690253,690.5999999999999,16.36048906445503,Low
6848-HJTXY,19.45,0,0.023603382,233.39999999999998,5.509029262885451,Low
2990-IAJSV,92.0,0,0.023485858,1104.0,25.928387224674225,Low
9372-TXXPS,59.85,0,0.023438372,718.2,16.83343856781721,Low
0559-CKHUS,19.55,0,0.023315713,234.60000000000002,5.469866225123406,Low
9138-EFSMO,78.95,0,0.02304912,947.4000000000001,21.836736155301335,Low
9483-GCPWE,20.1,0,0.02295379,241.20000000000002,5.536454071104527,Low
6164-HAQTX,53.95,0,0.02282913,647.4000000000001,14.77957895100117,Low
9755-JHNMN,67.4,0,0.022818813,808.8000000000001,18.455856035649777,Low
3071-MVJCD,82.3,0,0.022593554,987.5999999999999,22.31339403837919,Low
5566-SOEZD,80.65,0,0.022560515,967.8000000000001,21.83406594246626,Low
3948-KXDUF,68.75,0,0.022540009,825.0,18.595507135614753,Low
6701-YVNQG,88.7,0,0.02237126,1064.4,23.81196962222457,Low
9758-MFWGD,29.9,0,0.022360055,358.79999999999995,8.022787653654813,Low
1929-ZCBHE,40.3,0,0.022228323,483.59999999999997,10.749616965651512,Low
8580-QVLOC,92.45,1,0.022194993,1109.4,24.623124957829717,Low
8433-WPJTV,103.9,0,0.02212275,1246.8000000000002,27.582644773274666,Low
8590-YFFQO,64.95,0,0.021968951,779.4000000000001,17.122600759193304,Low
3096-WPXBT,100.7,0,0.021931902,1208.4,26.502509862184528,Low
2984-RGEYA,19.75,0,0.021914516,237.0,5.1937402077019215,Low
1927-QEWMY,20.5,0,0.021893378,246.0,5.385771073400974,Low
7408-OFWXJ,89.8,0,0.021805635,1077.6,23.497751976549623,Low
1767-CJKBA,25.1,0,0.021663511,301.20000000000005,6.525049564987422,Low
0732-OCQOC,25.05,0,0.021609364,300.6,6.495774841681123,Low
4299-OPXEJ,19.55,0,0.021582462,234.60000000000002,5.063245560228825,Low
7816-VGHTO,40.55,0,0.021480974,486.59999999999997,10.452641855925322,Low
1227-UDMZR,91.15,0,0.021323942,1093.8000000000002,23.324127374589448,Low
3795-GWTRD,75.55,0,0.02118373,906.5999999999999,19.205168867111205,Low
7998-WNZEM,80.6,0,0.021146683,967.1999999999999,20.453071819245814,Low
7762-ONLJY,19.7,0,0.021110028,236.39999999999998,4.9904106259346,Low
8338-QIUNR,66.5,0,0.02108587,798.0,16.8265238776803,Low
4698-KVLLG,19.6,0,0.021074992,235.20000000000002,4.956838041543961,Low
9814-AOUDH,19.5,0,0.020969268,234.0,4.9068086966872215,Low
0164-XAIRP,19.55,0,0.020923952,234.60000000000002,4.908759054914118,Low
6519-ZHPXP,108.3,0,0.020774132,1299.6,26.998061480373142,Low
6292-TOSSS,24.9,0,0.020733096,298.79999999999995,6.195048996806144,Low
3865-ZFZIB,19.65,0,0.02054845,235.79999999999998,4.845324469730258,Low
4537-CIBHB,20.25,0,0.020410031,243.0,4.959637552499771,Low
1131-SUEKT,98.45,0,0.020403448,1181.4,24.10463404878974,Low
1047-RNXZV,19.55,0,0.020377481,234.60000000000002,4.780557126179338,Low
7632-YUTXB,20.05,0,0.020141803,240.60000000000002,4.846117736399174,Low
8347-GDTMP,19.45,0,0.020062843,233.39999999999998,4.682667635008692,Low
0743-HRVFF,56.15,0,0.020056339,673.8,13.513961205258964,Low
2954-PIBKO,64.15,0,0.020024093,769.8000000000001,15.414546689763666,Low
0661-KBKPA,78.75,0,0.020021463,945.0,18.920282358303666,Low
9640-ZSLDC,60.6,0,0.020005653,727.2,14.548110629618169,Low
0181-RITDD,108.15,0,0.019925272,1297.8000000000002,25.85901812128723,Low
9286-BHDQG,45.25,0,0.019844653,543.0,10.775646625086665,Low
2632-TACXW,23.65,0,0.019619605,283.79999999999995,5.568043777719139,Low
4419-UJMUS,99.35,0,0.019437399,1192.1999999999998,23.17326680347323,Low
3027-YNWZU,25.0,0,0.019325826,300.0,5.797747895121574,Low
6370-ZVHDV,25.3,0,0.019316187,303.6,5.864394412189722,Low
2805-AUFQN,19.8,0,0.019287614,237.60000000000002,4.582737122476101,Low
0056-EPFBG,39.4,0,0.019286487,472.79999999999995,9.11865117251873,Low
6374-NTQLP,104.1,0,0.019246934,1249.1999999999998,24.04326993003487,Low
7636-PEPNS,44.1,0,0.01916563,529.2,10.142451142519713,Low
1945-XISKS,19.65,0,0.01915777,235.79999999999998,4.517401967570185,Low
6080-LNESI,24.75,0,0.019033669,297.0,5.652999563142657,Low
6345-FZOQH,19.9,0,0.018961186,238.79999999999998,4.527931118756532,Low
6434-TTGJP,53.7,0,0.01895395,644.4000000000001,12.213924872875216,Low
5666-MBJPT,25.1,0,0.018935382,301.20000000000005,5.703337168693543,Low
2877-VDUER,40.9,0,0.018912485,490.79999999999995,9.28224757388234,Low
9588-YRFHY,19.9,0,0.018896919,238.79999999999998,4.512584196031093,Low
3429-IFLEM,77.35,0,0.018852962,928.1999999999999,17.499319496378302,Low
4703-MQYKT,19.6,0,0.018748246,235.20000000000002,4.409587490558625,Low
5334-AFQJB,25.1,0,0.018684443,301.20000000000005,5.627754257619382,Low
2541-YGPKE,63.7,0,0.018625697,764.4000000000001,14.237482879310848,Low
7205-BAIAD,20.6,0,0.018502276,247.20000000000002,4.573762723803521,Low
6445-TNRXS,114.7,0,0.018457694,1376.4,25.405169992893935,Low
2169-RRLFW,25.6,0,0.018372158,307.20000000000005,5.643926811218263,Low
6061-GWWAV,70.2,0,0.018371051,842.4000000000001,15.475773511826993,Low
4378-MYPGO,105.25,0,0.01836155,1263.0,23.190637428313494,Low
4785-FCIFB,24.4,0,0.01816905,292.79999999999995,5.319897598028182,Low
5498-IBWPI,49.4,0,0.01798595,592.8,10.662070740759372,Low
4227-OJHAL,73.0,0,0.01797976,876.0,15.750269517302513,Low
6848-YLDFR,75.2,0,0.0179754,902.4000000000001,16.221000301837922,Low
4877-TSOFF,75.75,0,0.017950643,909.0,16.317134354263544,Low
9715-WZCLW,97.2,0,0.01781333,1166.4,20.777468714118005,Low
9777-IQHWP,93.4,0,0.017724706,1120.8000000000002,19.865850327908998,Low
4940-KHCWD,37.7,0,0.017596317,452.40000000000003,7.960574016720057,Low
5803-NQJZO,67.8,0,0.017485613,813.5999999999999,14.22629473954439,Low
3836-FZSDJ,24.85,0,0.01745137,298.20000000000005,5.2039985742419965,Low
6332-FBZRI,69.35,0,0.017420042,832.1999999999999,14.496959207206963,Low
4674-HGNUA,89.9,0,0.017417789,1078.8000000000002,18.79031023979187,Low
3301-VKTGC,85.5,0,0.017276246,1026.0,17.725428499281406,Low
7167-PCEYD,19.8,0,0.017206479,237.60000000000002,4.0882593780756,Low
6625-FLENO,20.75,0,0.017128693,249.0,4.2650445420295,Low
7471-MQPOS,72.9,0,0.017120562,874.8000000000001,14.977068069577218,Low
7216-KAOID,19.5,0,0.016920878,234.0,3.959485363215208,Low
8735-SDUFN,24.3,0,0.016820546,291.6,4.904871283471585,Low
3967-KXAPS,92.3,0,0.016804388,1107.6,18.612539919465778,Low
1862-QRWPE,20.65,0,0.016755832,247.79999999999998,4.15209525860846,Low
1926-QUZNN,25.25,0,0.016717788,303.0,5.065489713102579,Low
7641-TQFHN,100.55,0,0.016644891,1206.6,20.083725904673337,Low
8028-PNXHQ,24.25,0,0.016582552,291.0,4.825522731989622,Low
8619-IJNDK,64.05,0,0.016438937,768.5999999999999,12.634966835752127,Low
2525-GVKQU,20.6,0,0.016374722,247.20000000000002,4.0478313088417055,Low
4530-NDRKU,19.05,0,0.016322134,228.60000000000002,3.7312398467212917,Low
7996-BPXHY,25.0,0,0.016288169,300.0,4.886450618505478,Low
3571-DPYUH,94.7,0,0.016189622,1136.4,18.397886169701817,Low
8779-YIQQA,19.8,0,0.016133167,237.60000000000002,3.8332404434680942,Low
9867-XOBQA,53.15,0,0.016120207,637.8,10.281467746943235,Low
6527-PZFPV,20.8,0,0.016072132,249.60000000000002,4.011604070663452,Low
6917-FIJHC,26.0,0,0.016069282,312.0,5.013615936040878,Low
3324-OIRTO,104.65,0,0.015968477,1255.8000000000002,20.05321386046708,Low
7602-DBTOU,19.6,0,0.01592652,235.20000000000002,3.745917364954949,Low
8314-HTWVE,19.85,0,0.015921371,238.20000000000002,3.7924705859273673,Low
1063-DHQJF,92.15,0,0.015899109,1105.8000000000002,17.58123442567885,Low
2885-HIJDH,86.9,0,0.015819408,1042.8000000000002,16.496478661894802,Low
2696-RZVZW,25.05,0,0.015747078,300.6,4.733571575582028,Low
4312-KFRXN,25.4,0,0.015676005,304.79999999999995,4.7780462667345995,Low
6096-EGVTU,24.9,0,0.015593942,298.79999999999995,4.6594699457287785,Low
3717-FDJFU,20.45,0,0.015532268,245.39999999999998,3.8116186190396544,Low
2335-GSODA,40.1,0,0.015438824,481.20000000000005,7.429162089899183,Low
1705-GUHPV,24.2,0,0.01535986,290.4,4.46050331890583,Low
4735-BJKOU,20.15,0,0.015356903,241.79999999999998,3.7132991367951034,Low
6242-SGYTS,94.95,0,0.015300183,1139.4,17.43302808366716,Low
7606-BPHHN,19.8,0,0.015293574,237.60000000000002,3.633753173053265,Low
3396-DKDEL,115.15,0,0.015212189,1381.8000000000002,21.02020332142711,Low
4962-CHQPW,19.85,0,0.015152224,238.20000000000002,3.609259837679565,Low
3884-UEBXB,36.15,0,0.014992424,433.79999999999995,6.503713655658066,Low
5751-USDBL,81.0,0,0.014909458,972.0,14.491993512958288,Low
1776-SPBWV,20.1,0,0.014766207,241.20000000000002,3.561609119921923,Low
9530-GRMJG,84.1,0,0.014521501,1009.1999999999999,14.655098836496471,Low
9067-SQTNS,20.6,0,0.014501194,247.20000000000002,3.5846950426697735,Low
9108-EQPNQ,26.1,0,0.014213858,313.20000000000005,4.451780379563571,Low
7971-HLVXI,84.5,0,0.014153239,1014.0,14.351384667679667,Low
1494-EJZDW,20.15,0,0.014101483,241.79999999999998,3.4097385719418525,Low
1085-LDWAM,20.35,0,0.01386657,244.20000000000002,3.3862163566052916,Low
3812-LRZIR,24.5,0,0.013825109,294.0,4.064582113176584,Low
7337-CINUD,19.5,0,0.013751016,234.0,3.2177377436310053,Low
0625-AFOHS,20.2,0,0.013708407,242.39999999999998,3.322917871177196,Low
1697-LYYYX,19.1,0,0.013627359,229.20000000000002,3.1233906168490653,Low
0040-HALCW,20.4,0,0.013482862,244.79999999999998,3.3006046548485752,Low
5057-RKGLH,20.35,0,0.013448941,244.20000000000002,3.28423129208386,Low
4955-VCWBI,20.0,0,0.013210719,240.0,3.17057266831398,Low
6013-BHCAW,81.0,0,0.013210346,972.0,12.840456303209066,Low
2346-LOCWC,20.5,0,0.013121617,246.0,3.2279177885502577,Low
5266-PFRQK,20.85,0,0.013108606,250.20000000000002,3.2797733338549735,Low
3470-OBUET,74.0,0,0.013042833,888.0,11.582035459578037,Low
9945-PSVIP,18.7,0,0.012818016,224.39999999999998,2.8763628154993053,Low
1716-LSAMB,54.65,0,0.012765184,655.8,8.371407696604727,Low
0057-QBUQH,25.1,0,0.012598823,301.20000000000005,3.7947654347866777,Low
3831-YCPUO,109.5,0,0.012485948,1314.0,16.406536186113954,Low
8590-OHDIW,20.3,0,0.012293292,243.60000000000002,2.9946459822356704,Low
5519-TEEUH,20.15,0,0.012239061,241.79999999999998,2.959405021369457,Low
0017-IUDMW,116.8,0,0.012170634,1401.6,17.05836094021797,Low
5774-QPLTF,20.35,0,0.012147176,244.20000000000002,2.966340398602188,Low
5696-JVVQY,70.1,0,0.012126263,841.1999999999999,10.200612629950045,Low
8015-IHCGW,115.5,0,0.012020147,1386.0,16.659924304112792,Low
4302-ZYFEL,20.55,0,0.011938821,246.60000000000002,2.9441131582483653,Low
8915-NNTRC,107.7,0,0.011823278,1292.4,15.280404384434224,Low
6248-BSHKG,20.4,0,0.011794949,244.79999999999998,2.887403503060341,Low
5696-CEIQJ,103.15,0,0.011679505,1237.8000000000002,14.456891286559404,Low
5181-OABFK,61.3,0,0.011666385,735.5999999999999,8.581793142110108,Low
1820-DJFPH,24.05,0,0.011597357,288.6,3.34699716065079,Low
2892-GESUL,19.35,0,0.011555617,232.20000000000002,2.6832142079249026,Low
5457-COLHT,80.65,0,0.011382198,967.8000000000001,11.015691186860204,Low
9648-BCHKM,24.65,0,0.011317808,295.79999999999995,3.347807659953832,Low
0298-XACET,50.2,0,0.011261889,602.4000000000001,6.784161800891162,Low
3508-VLHCZ,90.55,0,0.011246268,1086.6,12.220194489508867,Low
0263-FJTQO,70.5,0,0.011175628,846.0,9.454581135883927,Low
2236-HILPA,20.65,0,0.011168933,247.79999999999998,2.7676614839583635,Low
2266-FUBDZ,19.35,0,0.011125653,232.20000000000002,2.583376638405025,Low
3580-GICBM,24.2,0,0.011094649,290.4,3.2218861632049083,Low
6169-PPETC,20.5,0,0.010857468,246.0,2.6709370147436857,Low
9950-MTGYX,20.3,0,0.010849017,243.60000000000002,2.6428204726427795,Low
8173-RXAYP,19.7,0,0.010753002,236.39999999999998,2.542009676992893,Low
0769-MURVM,65.7,0,0.010664694,788.4000000000001,8.408044758439065,Low
4742-TXUEX,19.3,0,0.010636813,231.60000000000002,2.463485892489553,Low
1088-AUUZZ,75.85,0,0.010609834,910.1999999999999,9.65707132089883,Low
3978-YNKDD,20.85,0,0.010450968,250.20000000000002,2.6148320904001596,Low
3511-BFTJW,38.5,0,0.010400081,462.0,4.804837446659803,Low
3088-FVYWK,25.55,0,0.010384354,306.6,3.1838428778573875,Low
1830-IPXVJ,19.75,0,0.010369576,237.0,2.4575894130393863,Low
7157-SMCFK,19.75,0,0.010159295,237.0,2.407752927392721,Low
6283-GITPX,76.9,0,0.010039143,922.8000000000001,9.2641214042902,Low
8711-LOBKY,19.85,0,0.009887914,238.20000000000002,2.3553011560812593,Low
2263-SFSQZ,24.95,0,0.009857477,299.4,2.951328520663082,Low
9537-JALFH,19.9,0,0.009790628,238.79999999999998,2.3380020182579755,Low
0562-FGDCR,74.55,0,0.009582135,894.5999999999999,8.572177877090871,Low
2824-DXNKN,71.45,0,0.009453077,857.4000000000001,8.105068107694388,Low
0480-KYJVA,24.25,0,0.009430177,291.0,2.744181384332478,Low
3563-SVYLG,62.65,0,0.009380973,751.8,7.052615459449589,Low
4335-UPJSI,19.75,0,0.009265877,237.0,2.196012921631336,Low
4779-ZGICK,23.55,0,0.009214911,282.6,2.604133757762611,Low
0301-FIDRB,63.8,0,0.009169783,765.5999999999999,7.020386204123496,Low
6340-DACFT,20.55,0,0.009132647,246.60000000000002,2.25211073923856,Low
5727-MYATE,90.8,0,0.009123836,1089.6,9.941331392526626,Low
6365-HITVU,87.25,0,0.009118866,1047.0,9.547452885657549,Low
5296-BFCYD,20.1,0,0.009089627,241.20000000000002,2.192418105527759,Low
8219-VYBVI,25.0,0,0.009080561,300.0,2.724168263375759,Low
3967-VQOGC,24.9,0,0.009050409,298.79999999999995,2.7042623016983267,Low
4821-WQOYN,20.1,0,0.008996799,241.20000000000002,2.1700278360396625,Low
8224-KDLKN,25.0,0,0.008961978,300.0,2.6885935105383396,Low
9114-DPSIA,81.0,0,0.008944914,972.0,8.694456160068512,Low
2230-XTUWL,19.55,0,0.008907535,234.60000000000002,2.0897077376022937,Low
0463-TXOAK,25.6,0,0.008869372,307.20000000000005,2.7246711730957034,Low
1709-EJDOX,19.75,0,0.008856492,237.0,2.0989886317402124,Low
2075-PUEPR,19.35,0,0.0087481,232.20000000000002,2.0313088523224,Low
2925-VDZHY,88.7,0,0.0085929,1064.4,9.146282641589643,Low
8292-ITGYJ,24.65,0,0.008512518,295.79999999999995,2.5180029334500427,Low
4086-WITJG,19.7,0,0.008423147,236.39999999999998,1.9912319015711544,Low
7729-XBTWX,19.75,0,0.008358904,237.0,1.981060286052525,Low
8532-UEFWH,25.75,0,0.008104961,309.0,2.504433061927557,Low
3913-FCUUW,70.45,0,0.00800947,845.4000000000001,6.771205995418132,Low
9135-HSWOC,19.7,0,0.008006319,236.39999999999998,1.892693907022476,Low
5845-BZZIB,20.1,0,0.007981457,241.20000000000002,1.925127384066582,Low
1403-GYAFU,20.05,0,0.007931636,240.60000000000002,1.9083515530452133,Low
3642-BYHDO,19.9,0,0.00781444,238.79999999999998,1.8660882588475942,Low
0962-CQPWQ,20.3,0,0.0077531375,243.60000000000002,1.8886642947793009,Low
0174-QRVVY,25.35,0,0.0076763867,304.20000000000005,2.335156846325845,Low
1574-DYCWE,19.95,0,0.0076059704,239.39999999999998,1.8208693069405852,Low
9430-NKQLY,25.1,0,0.0075746886,301.20000000000005,2.281496219336987,Low
8129-GMVGI,20.05,0,0.0073654037,240.60000000000002,1.772116129472852,Low
0402-OAMEN,24.45,0,0.007317259,293.4,2.14688378367573,Low
8165-ZJRNM,23.75,0,0.007268463,285.0,2.0715118967927992,Low
1555-HAPSU,23.9,0,0.0072471895,286.79999999999995,2.078493955917656,Low
7717-BICXI,20.55,0,0.0072090547,246.60000000000002,1.7777528791688384,Low
1166-PQLGG,19.55,0,0.0071921395,234.60000000000002,1.6872759299352766,Low
4277-BWBML,19.95,0,0.0070394557,239.39999999999998,1.6852456938475369,Low
9365-CSLBQ,24.35,0,0.0070227734,292.20000000000005,2.0520543820224706,Low
0794-YVSGE,20.3,0,0.0069813635,243.60000000000002,1.7006601534783843,Low
